price,time,region
195600,2020-03-14T10:30:21Z,eu
195037,2020-03-14T10:50:21Z,eu
194398,2020-03-14T11:10:21Z,eu
193379,2020-03-14T11:30:21Z,eu
192695,2020-03-14T11:50:21Z,eu
192146,2020-03-14T12:10:21Z,eu
191602,2020-03-14T12:30:21Z,eu
191378,2020-03-14T12:50:21Z,eu
191522,2020-03-14T13:10:21Z,eu
192488,2020-03-14T13:30:21Z,eu
193360,2020-03-14T13:50:21Z,eu
194459,2020-03-14T14:10:21Z,eu
195102,2020-03-14T14:30:21Z,eu
195427,2020-03-14T14:50:21Z,eu
195624,2020-03-14T15:10:21Z,eu
195628,2020-03-14T15:30:21Z,eu
195571,2020-03-14T15:50:21Z,eu
195705,2020-03-14T16:10:21Z,eu
195850,2020-03-14T16:30:21Z,eu
195925,2020-03-14T16:50:21Z,eu
195591,2020-03-14T17:10:21Z,eu
195416,2020-03-14T17:30:21Z,eu
195153,2020-03-14T17:50:21Z,eu
194843,2020-03-14T18:10:21Z,eu
194217,2020-03-14T18:30:21Z,eu
193763,2020-03-14T18:50:21Z,eu
193799,2020-03-14T19:10:21Z,eu
194062,2020-03-14T19:30:21Z,eu
194660,2020-03-14T19:50:21Z,eu
195297,2020-03-14T20:10:21Z,eu
195958,2020-03-14T20:30:21Z,eu
196871,2020-03-14T20:50:21Z,eu
197662,2020-03-14T21:10:21Z,eu
198266,2020-03-14T21:30:21Z,eu
198605,2020-03-14T21:50:21Z,eu
198551,2020-03-14T22:10:21Z,eu
198698,2020-03-14T22:30:21Z,eu
198665,2020-03-14T22:50:21Z,eu
198460,2020-03-14T23:10:21Z,eu
197600,2020-03-14T23:30:21Z,eu
196602,2020-03-14T23:50:21Z,eu
195894,2020-03-15T00:10:21Z,eu
195279,2020-03-15T00:30:21Z,eu
195131,2020-03-15T00:50:21Z,eu
195087,2020-03-15T01:10:21Z,eu
194934,2020-03-15T01:30:21Z,eu
194750,2020-03-15T01:50:21Z,eu
194319,2020-03-15T02:10:21Z,eu
194094,2020-03-15T02:30:21Z,eu
194111,2020-03-15T02:50:21Z,eu
194343,2020-03-15T03:10:21Z,eu
194786,2020-03-15T03:30:21Z,eu
195149,2020-03-15T03:50:21Z,eu
195713,2020-03-15T04:10:21Z,eu
195905,2020-03-15T04:30:21Z,eu
196112,2020-03-15T04:50:21Z,eu
196316,2020-03-15T05:10:21Z,eu
196683,2020-03-15T05:30:21Z,eu
197000,2020-03-15T05:50:21Z,eu
197305,2020-03-15T06:10:21Z,eu
197565,2020-03-15T06:30:21Z,eu
197749,2020-03-15T06:50:21Z,eu
198038,2020-03-15T07:10:21Z,eu
198195,2020-03-15T07:30:21Z,eu
198483,2020-03-15T07:50:21Z,eu
198603,2020-03-15T08:10:21Z,eu
198681,2020-03-15T08:30:21Z,eu
198516,2020-03-15T08:50:21Z,eu
198081,2020-03-15T09:10:21Z,eu
197560,2020-03-15T09:30:21Z,eu
197158,2020-03-15T09:50:21Z,eu
196734,2020-03-15T10:10:21Z,eu
196256,2020-03-15T10:30:21Z,eu
195967,2020-03-15T10:50:21Z,eu
195567,2020-03-15T11:10:21Z,eu
195112,2020-03-15T11:30:21Z,eu
194415,2020-03-15T11:50:21Z,eu
193997,2020-03-15T12:10:21Z,eu
193718,2020-03-15T12:30:21Z,eu
194247,2020-03-15T12:50:21Z,eu
195377,2020-03-15T13:10:21Z,eu
196673,2020-03-15T13:30:21Z,eu
198022,2020-03-15T13:50:21Z,eu
198777,2020-03-15T14:10:21Z,eu
198700,2020-03-15T14:30:21Z,eu
198476,2020-03-15T14:50:21Z,eu
198548,2020-03-15T15:10:21Z,eu
198293,2020-03-15T15:30:21Z,eu
197771,2020-03-15T15:50:21Z,eu
197130,2020-03-15T16:10:21Z,eu
196857,2020-03-15T16:30:21Z,eu
196646,2020-03-15T16:50:21Z,eu
196656,2020-03-15T17:10:21Z,eu
196648,2020-03-15T17:30:21Z,eu
196714,2020-03-15T17:50:21Z,eu
196874,2020-03-15T18:10:21Z,eu
197267,2020-03-15T18:30:21Z,eu
197726,2020-03-15T18:50:21Z,eu
198222,2020-03-15T19:10:21Z,eu
198353,2020-03-15T19:30:21Z,eu
198125,2020-03-15T19:50:21Z,eu
197772,2020-03-15T20:10:21Z,eu
197454,2020-03-15T20:30:21Z,eu
197073,2020-03-15T20:50:21Z,eu
197037,2020-03-15T21:10:21Z,eu
197404,2020-03-15T21:30:21Z,eu
198274,2020-03-15T21:50:21Z,eu
199034,2020-03-15T22:10:21Z,eu
199463,2020-03-15T22:30:21Z,eu
200119,2020-03-15T22:50:21Z,eu
200449,2020-03-15T23:10:21Z,eu
200482,2020-03-15T23:30:21Z,eu
200425,2020-03-15T23:50:21Z,eu
199520,2020-03-16T00:10:21Z,eu
199178,2020-03-16T00:30:21Z,eu
199169,2020-03-16T00:50:21Z,eu
199464,2020-03-16T01:10:21Z,eu
199721,2020-03-16T01:30:21Z,eu
200085,2020-03-16T01:50:21Z,eu
200110,2020-03-16T02:10:21Z,eu
200202,2020-03-16T02:30:21Z,eu
200357,2020-03-16T02:50:21Z,eu
200619,2020-03-16T03:10:21Z,eu
200793,2020-03-16T03:30:21Z,eu
200933,2020-03-16T03:50:21Z,eu
201007,2020-03-16T04:10:21Z,eu
201028,2020-03-16T04:30:21Z,eu
200838,2020-03-16T04:50:21Z,eu
200735,2020-03-16T05:10:21Z,eu
200666,2020-03-16T05:30:21Z,eu
200574,2020-03-16T05:50:21Z,eu
200424,2020-03-16T06:10:21Z,eu
200233,2020-03-16T06:30:21Z,eu
200029,2020-03-16T06:50:21Z,eu
199636,2020-03-16T07:10:21Z,eu
199144,2020-03-16T07:30:21Z,eu
198634,2020-03-16T07:50:21Z,eu
197884,2020-03-16T08:10:21Z,eu
197230,2020-03-16T08:30:21Z,eu
196439,2020-03-16T08:50:21Z,eu
195567,2020-03-16T09:10:21Z,eu
194668,2020-03-16T09:30:21Z,eu
193909,2020-03-16T09:50:21Z,eu
193804,2020-03-16T10:10:21Z,eu
194855,2020-03-16T10:30:21Z,eu
196047,2020-03-16T10:50:21Z,eu
196573,2020-03-16T11:10:21Z,eu
197181,2020-03-16T11:30:21Z,eu
197732,2020-03-16T11:50:21Z,eu
198388,2020-03-16T12:10:21Z,eu
198924,2020-03-16T12:30:21Z,eu
199597,2020-03-16T12:50:21Z,eu
199741,2020-03-16T13:10:21Z,eu
199866,2020-03-16T13:30:21Z,eu
199713,2020-03-16T13:50:21Z,eu
199789,2020-03-16T14:10:21Z,eu
199774,2020-03-16T14:30:21Z,eu
199946,2020-03-16T14:50:21Z,eu
200145,2020-03-16T15:10:21Z,eu
200211,2020-03-16T15:30:21Z,eu
199728,2020-03-16T15:50:21Z,eu
198499,2020-03-16T16:10:21Z,eu
197285,2020-03-16T16:30:21Z,eu
196066,2020-03-16T16:50:21Z,eu
195136,2020-03-16T17:10:21Z,eu
194423,2020-03-16T17:30:21Z,eu
193872,2020-03-16T17:50:21Z,eu
193709,2020-03-16T18:10:21Z,eu
194970,2020-03-16T18:30:21Z,eu
196443,2020-03-16T18:50:21Z,eu
198081,2020-03-16T19:10:21Z,eu
199779,2020-03-16T19:30:21Z,eu
201529,2020-03-16T19:50:21Z,eu
203125,2020-03-16T20:10:21Z,eu
204606,2020-03-16T20:30:21Z,eu
205430,2020-03-16T20:50:21Z,eu
205735,2020-03-16T21:10:21Z,eu
205266,2020-03-16T21:30:21Z,eu
204454,2020-03-16T21:50:21Z,eu
203524,2020-03-16T22:10:21Z,eu
202510,2020-03-16T22:30:21Z,eu
201383,2020-03-16T22:50:21Z,eu
200177,2020-03-16T23:10:21Z,eu
199645,2020-03-16T23:30:21Z,eu
199123,2020-03-16T23:50:21Z,eu
198599,2020-03-17T00:10:21Z,eu
197996,2020-03-17T00:30:21Z,eu
197479,2020-03-17T00:50:21Z,eu
197188,2020-03-17T01:10:21Z,eu
197227,2020-03-17T01:30:21Z,eu
197366,2020-03-17T01:50:21Z,eu
197274,2020-03-17T02:10:21Z,eu
197056,2020-03-17T02:30:21Z,eu
196775,2020-03-17T02:50:21Z,eu
196473,2020-03-17T03:10:21Z,eu
196198,2020-03-17T03:30:21Z,eu
196028,2020-03-17T03:50:21Z,eu
195970,2020-03-17T04:10:21Z,eu
195878,2020-03-17T04:30:21Z,eu
195807,2020-03-17T04:50:21Z,eu
195797,2020-03-17T05:10:21Z,eu
195934,2020-03-17T05:30:21Z,eu
195919,2020-03-17T05:50:21Z,eu
195951,2020-03-17T06:10:21Z,eu
196041,2020-03-17T06:30:21Z,eu
196934,2020-03-17T06:50:21Z,eu
197814,2020-03-17T07:10:21Z,eu
198556,2020-03-17T07:30:21Z,eu
199119,2020-03-17T07:50:21Z,eu
199715,2020-03-17T08:10:21Z,eu
200300,2020-03-17T08:30:21Z,eu
200606,2020-03-17T08:50:21Z,eu
200910,2020-03-17T09:10:21Z,eu
201067,2020-03-17T09:30:21Z,eu
200978,2020-03-17T09:50:21Z,eu
200609,2020-03-17T10:10:21Z,eu
200152,2020-03-17T10:30:21Z,eu
199080,2020-03-17T10:50:21Z,eu
197884,2020-03-17T11:10:21Z,eu
196737,2020-03-17T11:30:21Z,eu
196247,2020-03-17T11:50:21Z,eu
195907,2020-03-17T12:10:21Z,eu
195795,2020-03-17T12:30:21Z,eu
195969,2020-03-17T12:50:21Z,eu
197093,2020-03-17T13:10:21Z,eu
198209,2020-03-17T13:30:21Z,eu
198891,2020-03-17T13:50:21Z,eu
199386,2020-03-17T14:10:21Z,eu
199776,2020-03-17T14:30:21Z,eu
199614,2020-03-17T14:50:21Z,eu
198802,2020-03-17T15:10:21Z,eu
197641,2020-03-17T15:30:21Z,eu
196412,2020-03-17T15:50:21Z,eu
195474,2020-03-17T16:10:21Z,eu
195070,2020-03-17T16:30:21Z,eu
195336,2020-03-17T16:50:21Z,eu
195853,2020-03-17T17:10:21Z,eu
196739,2020-03-17T17:30:21Z,eu
197862,2020-03-17T17:50:21Z,eu
198319,2020-03-17T18:10:21Z,eu
198835,2020-03-17T18:30:21Z,eu
199460,2020-03-17T18:50:21Z,eu
200251,2020-03-17T19:10:21Z,eu
199818,2020-03-17T19:30:21Z,eu
198967,2020-03-17T19:50:21Z,eu
198129,2020-03-17T20:10:21Z,eu
197702,2020-03-17T20:30:21Z,eu
197355,2020-03-17T20:50:21Z,eu
197101,2020-03-17T21:10:21Z,eu
196676,2020-03-17T21:30:21Z,eu
196295,2020-03-17T21:50:21Z,eu
196420,2020-03-17T22:10:21Z,eu
196970,2020-03-17T22:30:21Z,eu
197657,2020-03-17T22:50:21Z,eu
197832,2020-03-17T23:10:21Z,eu
197808,2020-03-17T23:30:21Z,eu
197712,2020-03-17T23:50:21Z,eu
197762,2020-03-18T00:10:21Z,eu
197808,2020-03-18T00:30:21Z,eu
197890,2020-03-18T00:50:21Z,eu
198262,2020-03-18T01:10:21Z,eu
198866,2020-03-18T01:30:21Z,eu
199790,2020-03-18T01:50:21Z,eu
200236,2020-03-18T02:10:21Z,eu
200691,2020-03-18T02:30:21Z,eu
201121,2020-03-18T02:50:21Z,eu
201691,2020-03-18T03:10:21Z,eu
202408,2020-03-18T03:30:21Z,eu
203212,2020-03-18T03:50:21Z,eu
203882,2020-03-18T04:10:21Z,eu
204478,2020-03-18T04:30:21Z,eu
204992,2020-03-18T04:50:21Z,eu
205378,2020-03-18T05:10:22Z,eu
205679,2020-03-18T05:30:22Z,eu
205911,2020-03-18T05:50:22Z,eu
206118,2020-03-18T06:10:23Z,eu
206145,2020-03-18T06:30:23Z,eu
205981,2020-03-18T06:50:23Z,eu
205667,2020-03-18T07:10:24Z,eu
205263,2020-03-18T07:30:24Z,eu
204797,2020-03-18T07:50:24Z,eu
204574,2020-03-18T08:10:24Z,eu
204306,2020-03-18T08:30:24Z,eu
203983,2020-03-18T08:50:24Z,eu
203040,2020-03-18T09:10:24Z,eu
202140,2020-03-18T09:30:24Z,eu
201188,2020-03-18T09:50:24Z,eu
200125,2020-03-18T10:10:24Z,eu
199258,2020-03-18T10:30:24Z,eu
198658,2020-03-18T10:50:24Z,eu
198418,2020-03-18T11:10:24Z,eu
198175,2020-03-18T11:30:24Z,eu
197770,2020-03-18T11:50:24Z,eu
197090,2020-03-18T12:10:24Z,eu
196062,2020-03-18T12:30:24Z,eu
195387,2020-03-18T12:50:24Z,eu
194995,2020-03-18T13:10:24Z,eu
195486,2020-03-18T13:30:24Z,eu
196356,2020-03-18T13:50:24Z,eu
197189,2020-03-18T14:10:24Z,eu
197354,2020-03-18T14:30:24Z,eu
197671,2020-03-18T14:50:24Z,eu
198216,2020-03-18T15:10:24Z,eu
199543,2020-03-18T15:30:24Z,eu
200851,2020-03-18T15:50:24Z,eu
201612,2020-03-18T16:10:24Z,eu
201494,2020-03-18T16:30:24Z,eu
200416,2020-03-18T16:50:24Z,eu
199187,2020-03-18T17:10:24Z,eu
197933,2020-03-18T17:30:24Z,eu
196932,2020-03-18T17:50:24Z,eu
196140,2020-03-18T18:10:24Z,eu
195115,2020-03-18T18:30:24Z,eu
194152,2020-03-18T18:50:24Z,eu
193960,2020-03-18T19:10:24Z,eu
194411,2020-03-18T19:30:24Z,eu
195340,2020-03-18T19:50:24Z,eu
196102,2020-03-18T20:10:24Z,eu
196247,2020-03-18T20:30:24Z,eu
196592,2020-03-18T20:50:24Z,eu
196970,2020-03-18T21:10:24Z,eu
197703,2020-03-18T21:30:24Z,eu
197993,2020-03-18T21:50:24Z,eu
198432,2020-03-18T22:10:24Z,eu
198395,2020-03-18T22:30:24Z,eu
198210,2020-03-18T22:50:24Z,eu
197680,2020-03-18T23:10:24Z,eu
197265,2020-03-18T23:30:24Z,eu
196785,2020-03-18T23:50:24Z,eu
196548,2020-03-19T00:10:24Z,eu
196256,2020-03-19T00:30:24Z,eu
195900,2020-03-19T00:50:24Z,eu
195463,2020-03-19T01:10:24Z,eu
195303,2020-03-19T01:30:24Z,eu
195531,2020-03-19T01:50:24Z,eu
195824,2020-03-19T02:10:24Z,eu
196085,2020-03-19T02:30:24Z,eu
196114,2020-03-19T02:50:24Z,eu
196153,2020-03-19T03:10:24Z,eu
196217,2020-03-19T03:30:24Z,eu
196456,2020-03-19T03:50:24Z,eu
196787,2020-03-19T04:10:24Z,eu
197072,2020-03-19T04:30:24Z,eu
197365,2020-03-19T04:50:24Z,eu
197692,2020-03-19T05:10:24Z,eu
198224,2020-03-19T05:30:24Z,eu
198758,2020-03-19T05:50:24Z,eu
199406,2020-03-19T06:10:24Z,eu
200055,2020-03-19T06:30:24Z,eu
200459,2020-03-19T06:50:24Z,eu
200531,2020-03-19T07:10:24Z,eu
200394,2020-03-19T07:30:24Z,eu
200462,2020-03-19T07:50:24Z,eu
200558,2020-03-19T08:10:24Z,eu
201120,2020-03-19T08:30:24Z,eu
201431,2020-03-19T08:50:24Z,eu
201728,2020-03-19T09:10:24Z,eu
201849,2020-03-19T09:30:24Z,eu
201837,2020-03-19T09:50:24Z,eu
201135,2020-03-19T10:10:24Z,eu
200442,2020-03-19T10:30:24Z,eu
199219,2020-03-19T10:50:24Z,eu
197862,2020-03-19T11:10:24Z,eu
196496,2020-03-19T11:30:24Z,eu
195234,2020-03-19T11:50:24Z,eu
194153,2020-03-19T12:10:24Z,eu
193175,2020-03-19T12:30:24Z,eu
192807,2020-03-19T12:50:24Z,eu
193424,2020-03-19T13:10:24Z,eu
194477,2020-03-19T13:30:24Z,eu
195800,2020-03-19T13:50:24Z,eu
197265,2020-03-19T14:10:24Z,eu
198667,2020-03-19T14:30:24Z,eu
199479,2020-03-19T14:50:24Z,eu
200166,2020-03-19T15:10:24Z,eu
200902,2020-03-19T15:30:24Z,eu
200158,2020-03-19T15:50:24Z,eu
199548,2020-03-19T16:10:24Z,eu
198547,2020-03-19T16:30:24Z,eu
198484,2020-03-19T16:50:24Z,eu
198823,2020-03-19T17:10:24Z,eu
198096,2020-03-19T17:30:24Z,eu
196816,2020-03-19T17:50:24Z,eu
195516,2020-03-19T18:10:24Z,eu
194471,2020-03-19T18:30:24Z,eu
194209,2020-03-19T18:50:24Z,eu
193760,2020-03-19T19:10:24Z,eu
193875,2020-03-19T19:30:24Z,eu
194143,2020-03-19T19:50:24Z,eu
195182,2020-03-19T20:10:24Z,eu
196335,2020-03-19T20:30:24Z,eu
197137,2020-03-19T20:50:24Z,eu
197251,2020-03-19T21:10:24Z,eu
197302,2020-03-19T21:30:24Z,eu
197416,2020-03-19T21:50:24Z,eu
197781,2020-03-19T22:10:24Z,eu
198420,2020-03-19T22:30:24Z,eu
198734,2020-03-19T22:50:24Z,eu
198774,2020-03-19T23:10:24Z,eu
198529,2020-03-19T23:30:24Z,eu
198761,2020-03-19T23:50:24Z,eu
199005,2020-03-20T00:10:24Z,eu
199366,2020-03-20T00:30:24Z,eu
199273,2020-03-20T00:50:24Z,eu
199169,2020-03-20T01:10:24Z,eu
199086,2020-03-20T01:30:24Z,eu
198724,2020-03-20T01:50:24Z,eu
198329,2020-03-20T02:10:24Z,eu
197847,2020-03-20T02:30:24Z,eu
197552,2020-03-20T02:50:24Z,eu
197347,2020-03-20T03:10:24Z,eu
197186,2020-03-20T03:30:24Z,eu
197154,2020-03-20T03:50:24Z,eu
197286,2020-03-20T04:10:24Z,eu
198152,2020-03-20T04:30:24Z,eu
199097,2020-03-20T04:50:24Z,eu
200041,2020-03-20T05:10:24Z,eu
200919,2020-03-20T05:30:24Z,eu
201800,2020-03-20T05:50:24Z,eu
202284,2020-03-20T06:10:24Z,eu
202462,2020-03-20T06:30:24Z,eu
202387,2020-03-20T06:50:24Z,eu
202229,2020-03-20T07:10:24Z,eu
202034,2020-03-20T07:30:24Z,eu
201678,2020-03-20T07:50:24Z,eu
201328,2020-03-20T08:10:24Z,eu
201116,2020-03-20T08:30:24Z,eu
200631,2020-03-20T08:50:24Z,eu
200290,2020-03-20T09:10:24Z,eu
199810,2020-03-20T09:30:24Z,eu
199144,2020-03-20T09:50:24Z,eu
198269,2020-03-20T10:10:24Z,eu
196800,2020-03-20T10:30:24Z,eu
195381,2020-03-20T10:50:24Z,eu
194529,2020-03-20T11:10:24Z,eu
193681,2020-03-20T11:30:24Z,eu
193354,2020-03-20T11:50:24Z,eu
193515,2020-03-20T12:10:24Z,eu
194122,2020-03-20T12:30:24Z,eu
195113,2020-03-20T12:50:24Z,eu
195822,2020-03-20T13:10:24Z,eu
196945,2020-03-20T13:30:24Z,eu
197500,2020-03-20T13:50:24Z,eu
197868,2020-03-20T14:10:24Z,eu
197900,2020-03-20T14:30:24Z,eu
197955,2020-03-20T14:50:24Z,eu
197825,2020-03-20T15:10:24Z,eu
197852,2020-03-20T15:30:24Z,eu
197669,2020-03-20T15:50:24Z,eu
197283,2020-03-20T16:10:24Z,eu
196729,2020-03-20T16:30:24Z,eu
195411,2020-03-20T16:50:24Z,eu
194195,2020-03-20T17:10:24Z,eu
193784,2020-03-20T17:30:24Z,eu
194504,2020-03-20T17:50:24Z,eu
195518,2020-03-20T18:10:24Z,eu
196681,2020-03-20T18:30:24Z,eu
197523,2020-03-20T18:50:24Z,eu
198798,2020-03-20T19:10:24Z,eu
200203,2020-03-20T19:30:24Z,eu
201734,2020-03-20T19:50:24Z,eu
203389,2020-03-20T20:10:24Z,eu
205200,2020-03-20T20:30:24Z,eu
207202,2020-03-20T20:50:24Z,eu
209274,2020-03-20T21:10:24Z,eu
211367,2020-03-20T21:30:24Z,eu
213481,2020-03-20T21:50:24Z,eu
215616,2020-03-20T22:10:24Z,eu
217772,2020-03-20T22:30:24Z,eu
219950,2020-03-20T22:50:24Z,eu
222150,2020-03-20T23:10:24Z,eu
224372,2020-03-20T23:30:24Z,eu
226616,2020-03-20T23:50:24Z,eu
228882,2020-03-21T02:18:06Z,eu
231160,2020-03-21T02:38:06Z,eu
232625,2020-03-21T02:58:06Z,eu
233582,2020-03-21T03:18:07Z,eu
235013,2020-03-21T03:38:07Z,eu
236214,2020-03-21T03:58:07Z,eu
237191,2020-03-21T04:18:07Z,eu
237213,2020-03-21T04:38:07Z,eu
237263,2020-03-21T04:58:07Z,eu
236888,2020-03-21T05:18:07Z,eu
236207,2020-03-21T05:38:07Z,eu
235203,2020-03-21T05:58:07Z,eu
234248,2020-03-21T06:18:07Z,eu
233041,2020-03-21T06:38:07Z,eu
231571,2020-03-21T06:58:07Z,eu
229927,2020-03-21T07:18:07Z,eu
228073,2020-03-21T07:38:07Z,eu
226029,2020-03-21T07:58:07Z,eu
223769,2020-03-21T08:18:07Z,eu
221531,2020-03-21T08:38:07Z,eu
219316,2020-03-21T08:58:07Z,eu
217123,2020-03-21T09:18:07Z,eu
214952,2020-03-21T09:38:07Z,eu
212802,2020-03-21T09:58:07Z,eu
210674,2020-03-21T10:18:07Z,eu
208567,2020-03-21T10:38:07Z,eu
206481,2020-03-21T10:58:07Z,eu
204416,2020-03-21T11:18:07Z,eu
202372,2020-03-21T11:38:07Z,eu
200348,2020-03-21T11:58:07Z,eu
198345,2020-03-21T12:18:07Z,eu
196362,2020-03-21T12:38:07Z,eu
194398,2020-03-21T12:58:07Z,eu
192454,2020-03-21T13:18:07Z,eu
190529,2020-03-21T13:38:07Z,eu
190034,2020-03-21T13:58:07Z,eu
190116,2020-03-21T15:18:07Z,eu
190745,2020-03-21T15:38:07Z,eu
190738,2020-03-21T15:58:07Z,eu
191246,2020-03-21T16:18:07Z,eu
192336,2020-03-21T16:38:07Z,eu
193978,2020-03-21T16:58:07Z,eu
195616,2020-03-21T17:18:07Z,eu
197281,2020-03-21T17:38:07Z,eu
198628,2020-03-21T17:58:07Z,eu
199692,2020-03-21T18:18:07Z,eu
200772,2020-03-21T18:38:07Z,eu
201623,2020-03-21T18:58:07Z,eu
202646,2020-03-21T19:18:07Z,eu
203284,2020-03-21T19:38:07Z,eu
203287,2020-03-21T19:58:07Z,eu
202659,2020-03-21T20:18:07Z,eu
201761,2020-03-21T20:38:07Z,eu
200653,2020-03-21T20:58:07Z,eu
199398,2020-03-21T21:18:07Z,eu
198058,2020-03-21T21:38:07Z,eu
197295,2020-03-21T21:58:07Z,eu
196512,2020-03-21T22:18:07Z,eu
195853,2020-03-21T22:38:07Z,eu
195200,2020-03-21T22:58:07Z,eu
195016,2020-03-21T23:18:07Z,eu
195130,2020-03-21T23:38:07Z,eu
195627,2020-03-21T23:58:07Z,eu
195968,2020-03-22T00:18:07Z,eu
195976,2020-03-22T00:38:07Z,eu
195549,2020-03-22T00:58:07Z,eu
195004,2020-03-22T01:18:07Z,eu
194787,2020-03-22T01:38:07Z,eu
194899,2020-03-22T01:58:07Z,eu
195372,2020-03-22T02:18:07Z,eu
195885,2020-03-22T02:38:07Z,eu
196338,2020-03-22T02:58:07Z,eu
196585,2020-03-22T03:18:07Z,eu
196823,2020-03-22T03:38:07Z,eu
197079,2020-03-22T03:58:07Z,eu
197160,2020-03-22T04:18:07Z,eu
197216,2020-03-22T04:38:07Z,eu
197259,2020-03-22T04:58:07Z,eu
197340,2020-03-22T05:18:07Z,eu
197590,2020-03-22T05:38:07Z,eu
197941,2020-03-22T05:58:07Z,eu
198373,2020-03-22T06:18:07Z,eu
198785,2020-03-22T06:38:07Z,eu
199206,2020-03-22T06:58:07Z,eu
199554,2020-03-22T07:18:07Z,eu
200032,2020-03-22T07:38:07Z,eu
200575,2020-03-22T07:58:07Z,eu
201077,2020-03-22T08:18:07Z,eu
201267,2020-03-22T08:38:07Z,eu
201241,2020-03-22T08:58:07Z,eu
200731,2020-03-22T09:18:07Z,eu
199866,2020-03-22T09:38:07Z,eu
198902,2020-03-22T09:58:07Z,eu
198133,2020-03-22T10:18:07Z,eu
197731,2020-03-22T10:38:07Z,eu
197397,2020-03-22T10:58:07Z,eu
196966,2020-03-22T11:18:07Z,eu
196366,2020-03-22T11:38:07Z,eu
195700,2020-03-22T11:58:07Z,eu
194508,2020-03-22T12:18:07Z,eu
193345,2020-03-22T12:38:07Z,eu
192423,2020-03-22T12:58:07Z,eu
191772,2020-03-22T13:18:07Z,eu
191615,2020-03-22T13:38:07Z,eu
192055,2020-03-22T13:58:07Z,eu
193004,2020-03-22T14:18:07Z,eu
194041,2020-03-22T14:38:07Z,eu
195161,2020-03-22T14:58:07Z,eu
196024,2020-03-22T15:18:07Z,eu
196539,2020-03-22T15:38:07Z,eu
196916,2020-03-22T15:58:07Z,eu
197164,2020-03-22T16:18:07Z,eu
197195,2020-03-22T16:38:07Z,eu
197168,2020-03-22T16:58:07Z,eu
197267,2020-03-22T17:18:07Z,eu
197433,2020-03-22T17:38:07Z,eu
197622,2020-03-22T17:58:07Z,eu
198135,2020-03-22T18:18:07Z,eu
198628,2020-03-22T18:38:07Z,eu
199346,2020-03-22T18:58:07Z,eu
200414,2020-03-22T19:18:07Z,eu
201326,2020-03-22T19:38:07Z,eu
201632,2020-03-22T19:58:07Z,eu
201004,2020-03-22T20:18:07Z,eu
200058,2020-03-22T20:38:07Z,eu
198927,2020-03-22T20:58:07Z,eu
197713,2020-03-22T21:18:07Z,eu
196616,2020-03-22T21:38:07Z,eu
195550,2020-03-22T21:58:07Z,eu
194959,2020-03-22T22:18:07Z,eu
195032,2020-03-22T22:38:07Z,eu
196064,2020-03-22T22:58:07Z,eu
197184,2020-03-22T23:18:07Z,eu
197527,2020-03-22T23:38:07Z,eu
197906,2020-03-22T23:58:07Z,eu
198339,2020-03-23T00:18:07Z,eu
199051,2020-03-23T00:38:07Z,eu
200160,2020-03-23T00:58:07Z,eu
201241,2020-03-23T01:18:07Z,eu
202281,2020-03-23T01:38:07Z,eu
202883,2020-03-23T01:58:07Z,eu
202185,2020-03-23T02:18:07Z,eu
201381,2020-03-23T02:38:07Z,eu
200593,2020-03-23T02:58:07Z,eu
200482,2020-03-23T03:18:07Z,eu
200329,2020-03-23T03:38:07Z,eu
200270,2020-03-23T03:58:07Z,eu
200219,2020-03-23T04:18:07Z,eu
200277,2020-03-23T04:38:07Z,eu
200273,2020-03-23T04:58:07Z,eu
200208,2020-03-23T05:18:07Z,eu
200120,2020-03-23T05:38:07Z,eu
199754,2020-03-23T05:58:07Z,eu
199512,2020-03-23T06:18:07Z,eu
199336,2020-03-23T06:38:07Z,eu
199173,2020-03-23T06:58:07Z,eu
198871,2020-03-23T07:18:07Z,eu
198614,2020-03-23T07:38:07Z,eu
198472,2020-03-23T07:58:07Z,eu
198586,2020-03-23T08:18:07Z,eu
198853,2020-03-23T08:38:07Z,eu
199088,2020-03-23T08:58:07Z,eu
199309,2020-03-23T09:18:07Z,eu
199431,2020-03-23T09:38:07Z,eu
199544,2020-03-23T09:58:07Z,eu
199424,2020-03-23T10:18:07Z,eu
199134,2020-03-23T10:38:07Z,eu
198592,2020-03-23T10:58:07Z,eu
198429,2020-03-23T11:18:07Z,eu
198212,2020-03-23T11:38:07Z,eu
197925,2020-03-23T11:58:07Z,eu
197350,2020-03-23T12:18:07Z,eu
196922,2020-03-23T12:38:07Z,eu
196712,2020-03-23T12:58:07Z,eu
196749,2020-03-23T13:18:07Z,eu
196890,2020-03-23T13:38:07Z,eu
197013,2020-03-23T13:58:07Z,eu
197255,2020-03-23T14:18:07Z,eu
197793,2020-03-23T14:38:07Z,eu
198311,2020-03-23T14:58:07Z,eu
198356,2020-03-23T15:18:07Z,eu
197830,2020-03-23T15:38:07Z,eu
197221,2020-03-23T15:58:07Z,eu
196916,2020-03-23T16:18:07Z,eu
196618,2020-03-23T16:38:07Z,eu
196384,2020-03-23T16:58:07Z,eu
196290,2020-03-23T17:18:07Z,eu
196336,2020-03-23T17:38:07Z,eu
196455,2020-03-23T17:58:07Z,eu
196696,2020-03-23T18:18:07Z,eu
196878,2020-03-23T18:38:07Z,eu
197351,2020-03-23T18:58:07Z,eu
197759,2020-03-23T19:18:07Z,eu
198481,2020-03-23T19:38:07Z,eu
198960,2020-03-23T19:58:07Z,eu
199256,2020-03-23T20:18:07Z,eu
199394,2020-03-23T20:38:07Z,eu
199329,2020-03-23T20:58:07Z,eu
199075,2020-03-23T21:18:07Z,eu
198547,2020-03-23T21:38:07Z,eu
197808,2020-03-23T21:58:07Z,eu
197113,2020-03-23T22:18:07Z,eu
196124,2020-03-23T22:38:07Z,eu
195429,2020-03-23T22:58:07Z,eu
194819,2020-03-23T23:18:07Z,eu
194305,2020-03-23T23:38:07Z,eu
193777,2020-03-23T23:58:07Z,eu
193306,2020-03-24T00:18:07Z,eu
192808,2020-03-24T00:38:07Z,eu
192574,2020-03-24T00:58:07Z,eu
193210,2020-03-24T01:18:07Z,eu
194214,2020-03-24T01:38:07Z,eu
194781,2020-03-24T01:58:07Z,eu
194990,2020-03-24T02:18:07Z,eu
195050,2020-03-24T02:38:07Z,eu
195106,2020-03-24T02:58:07Z,eu
195271,2020-03-24T03:18:07Z,eu
195423,2020-03-24T03:38:07Z,eu
195664,2020-03-24T03:58:07Z,eu
196000,2020-03-24T04:18:07Z,eu
196468,2020-03-24T04:38:07Z,eu
196965,2020-03-24T04:58:07Z,eu
197513,2020-03-24T05:18:07Z,eu
198072,2020-03-24T05:38:07Z,eu
198756,2020-03-24T05:58:07Z,eu
199416,2020-03-24T06:18:07Z,eu
199919,2020-03-24T06:38:07Z,eu
200484,2020-03-24T06:58:07Z,eu
201025,2020-03-24T07:18:07Z,eu
201440,2020-03-24T07:38:07Z,eu
201467,2020-03-24T07:58:07Z,eu
201186,2020-03-24T08:18:07Z,eu
200737,2020-03-24T08:38:07Z,eu
200010,2020-03-24T08:58:07Z,eu
199284,2020-03-24T09:18:07Z,eu
198449,2020-03-24T09:38:07Z,eu
197785,2020-03-24T09:58:07Z,eu
196883,2020-03-24T10:18:07Z,eu
195804,2020-03-24T10:38:07Z,eu
194839,2020-03-24T10:58:07Z,eu
193899,2020-03-24T11:18:07Z,eu
193431,2020-03-24T11:38:07Z,eu
193133,2020-03-24T11:58:07Z,eu
193054,2020-03-24T12:18:07Z,eu
193114,2020-03-24T12:38:07Z,eu
193496,2020-03-24T12:58:07Z,eu
194094,2020-03-24T13:18:07Z,eu
195383,2020-03-24T13:38:07Z,eu
195959,2020-03-24T13:58:07Z,eu
195832,2020-03-24T14:18:07Z,eu
195479,2020-03-24T14:38:07Z,eu
195259,2020-03-24T14:58:07Z,eu
195382,2020-03-24T15:18:07Z,eu
195461,2020-03-24T15:38:07Z,eu
195826,2020-03-24T15:58:07Z,eu
196677,2020-03-24T16:18:07Z,eu
197637,2020-03-24T16:38:07Z,eu
198290,2020-03-24T16:58:07Z,eu
198424,2020-03-24T17:18:07Z,eu
198923,2020-03-24T17:38:07Z,eu
199345,2020-03-24T17:58:07Z,eu
199749,2020-03-24T18:18:07Z,eu
200054,2020-03-24T18:38:07Z,eu
199373,2020-03-24T18:58:07Z,eu
198589,2020-03-24T19:18:07Z,eu
198059,2020-03-24T19:38:07Z,eu
197798,2020-03-24T19:58:07Z,eu
197515,2020-03-24T20:18:07Z,eu
196847,2020-03-24T20:38:07Z,eu
196117,2020-03-24T20:58:07Z,eu
195450,2020-03-24T21:18:07Z,eu
194886,2020-03-24T21:38:07Z,eu
194657,2020-03-24T21:58:07Z,eu
194505,2020-03-24T22:18:07Z,eu
194972,2020-03-24T22:38:07Z,eu
195676,2020-03-24T22:58:07Z,eu
196397,2020-03-24T23:18:07Z,eu
196349,2020-03-24T23:38:07Z,eu
196241,2020-03-24T23:58:07Z,eu
196136,2020-03-25T00:18:07Z,eu
196031,2020-03-25T00:38:07Z,eu
195913,2020-03-25T00:58:07Z,eu
195768,2020-03-25T01:18:07Z,eu
195580,2020-03-25T01:38:07Z,eu
195133,2020-03-25T01:58:07Z,eu
194874,2020-03-25T02:18:07Z,eu
194716,2020-03-25T02:38:07Z,eu
194540,2020-03-25T02:58:07Z,eu
194542,2020-03-25T03:18:07Z,eu
194279,2020-03-25T03:38:07Z,eu
194082,2020-03-25T03:58:07Z,eu
193976,2020-03-25T04:18:07Z,eu
194083,2020-03-25T04:38:07Z,eu
194387,2020-03-25T04:58:07Z,eu
194632,2020-03-25T05:18:07Z,eu
194851,2020-03-25T05:38:07Z,eu
194969,2020-03-25T05:58:07Z,eu
195174,2020-03-25T06:18:07Z,eu
195411,2020-03-25T06:38:07Z,eu
195927,2020-03-25T06:58:07Z,eu
196581,2020-03-25T07:18:07Z,eu
196959,2020-03-25T07:38:07Z,eu
196723,2020-03-25T07:58:07Z,eu
196718,2020-03-25T08:18:07Z,eu
196609,2020-03-25T08:38:07Z,eu
196424,2020-03-25T08:58:07Z,eu
195741,2020-03-25T09:18:07Z,eu
194896,2020-03-25T09:38:07Z,eu
194055,2020-03-25T09:58:07Z,eu
193324,2020-03-25T10:18:07Z,eu
192942,2020-03-25T10:38:07Z,eu
192351,2020-03-25T10:58:07Z,eu
191427,2020-03-25T11:18:07Z,eu
191185,2020-03-25T11:38:07Z,eu
191360,2020-03-25T11:58:07Z,eu
192304,2020-03-25T12:18:07Z,eu
193271,2020-03-25T12:38:07Z,eu
193995,2020-03-25T12:58:07Z,eu
194247,2020-03-25T13:18:07Z,eu
193807,2020-03-25T13:38:07Z,eu
193247,2020-03-25T13:58:07Z,eu
192281,2020-03-25T14:18:07Z,eu
191915,2020-03-25T14:38:07Z,eu
191449,2020-03-25T14:58:07Z,eu
190931,2020-03-25T15:18:07Z,eu
190145,2020-03-25T15:38:07Z,eu
189966,2020-03-25T15:58:07Z,eu
191043,2020-03-25T16:18:07Z,eu
192167,2020-03-25T16:38:07Z,eu
193399,2020-03-25T16:58:07Z,eu
194273,2020-03-25T17:18:07Z,eu
195174,2020-03-25T17:38:07Z,eu
195847,2020-03-25T17:58:07Z,eu
196070,2020-03-25T18:18:07Z,eu
195988,2020-03-25T18:38:07Z,eu
195839,2020-03-25T18:58:07Z,eu
195810,2020-03-25T19:18:07Z,eu
195850,2020-03-25T19:38:07Z,eu
195674,2020-03-25T19:58:07Z,eu
194981,2020-03-25T20:18:07Z,eu
194731,2020-03-25T20:38:07Z,eu
194499,2020-03-25T20:58:07Z,eu
194268,2020-03-25T21:18:07Z,eu
193780,2020-03-25T21:38:07Z,eu
193017,2020-03-25T21:58:07Z,eu
192044,2020-03-25T22:18:07Z,eu
191002,2020-03-25T22:38:07Z,eu
190236,2020-03-25T22:58:07Z,eu
189715,2020-03-25T23:18:07Z,eu
189904,2020-03-25T23:38:07Z,eu
190831,2020-03-25T23:58:07Z,eu
191860,2020-03-26T00:18:07Z,eu
192733,2020-03-26T00:38:07Z,eu
192967,2020-03-26T00:58:07Z,eu
192935,2020-03-26T01:18:07Z,eu
192991,2020-03-26T01:38:07Z,eu
193094,2020-03-26T01:58:07Z,eu
193374,2020-03-26T02:18:07Z,eu
193627,2020-03-26T02:38:07Z,eu
193743,2020-03-26T02:58:07Z,eu
193850,2020-03-26T03:18:07Z,eu
193940,2020-03-26T03:38:07Z,eu
194047,2020-03-26T03:58:07Z,eu
194371,2020-03-26T04:18:07Z,eu
194744,2020-03-26T04:38:07Z,eu
195245,2020-03-26T04:58:07Z,eu
195756,2020-03-26T05:18:07Z,eu
196153,2020-03-26T05:38:07Z,eu
196443,2020-03-26T05:58:07Z,eu
196706,2020-03-26T06:18:07Z,eu
196913,2020-03-26T06:38:07Z,eu
197027,2020-03-26T06:58:07Z,eu
196917,2020-03-26T07:18:07Z,eu
196753,2020-03-26T07:38:07Z,eu
196569,2020-03-26T07:58:07Z,eu
196485,2020-03-26T08:18:07Z,eu
196410,2020-03-26T08:38:07Z,eu
196309,2020-03-26T08:58:07Z,eu
196031,2020-03-26T09:18:07Z,eu
195713,2020-03-26T09:38:07Z,eu
195339,2020-03-26T09:58:07Z,eu
194754,2020-03-26T10:18:07Z,eu
193867,2020-03-26T10:38:07Z,eu
192797,2020-03-26T10:58:07Z,eu
191441,2020-03-26T11:18:07Z,eu
190601,2020-03-26T11:38:07Z,eu
190272,2020-03-26T11:58:07Z,eu
189894,2020-03-26T12:18:07Z,eu
190270,2020-03-26T12:38:07Z,eu
190446,2020-03-26T12:58:07Z,eu
191331,2020-03-26T13:18:07Z,eu
191937,2020-03-26T13:38:07Z,eu
193071,2020-03-26T13:58:07Z,eu
193942,2020-03-26T14:18:07Z,eu
194305,2020-03-26T14:38:07Z,eu
193794,2020-03-26T14:58:07Z,eu
193786,2020-03-26T15:18:07Z,eu
193746,2020-03-26T15:38:07Z,eu
193692,2020-03-26T15:58:07Z,eu
193755,2020-03-26T16:18:07Z,eu
193686,2020-03-26T16:38:07Z,eu
193603,2020-03-26T16:58:07Z,eu
193311,2020-03-26T17:18:07Z,eu
193169,2020-03-26T17:38:07Z,eu
192087,2020-03-26T18:58:07Z,eu
191720,2020-03-26T19:18:07Z,eu
191419,2020-03-26T19:38:07Z,eu
191531,2020-03-26T19:58:07Z,eu
191858,2020-03-26T20:18:07Z,eu
192492,2020-03-26T20:38:07Z,eu
192964,2020-03-26T20:58:07Z,eu
192871,2020-03-26T21:18:07Z,eu
192775,2020-03-26T21:38:07Z,eu
192636,2020-03-26T21:58:07Z,eu
192537,2020-03-26T22:18:07Z,eu
191792,2020-03-26T22:38:07Z,eu
191318,2020-03-26T22:58:07Z,eu
190757,2020-03-26T23:18:07Z,eu
190751,2020-03-26T23:38:07Z,eu
191064,2020-03-26T23:58:07Z,eu
191484,2020-03-27T00:18:07Z,eu
191972,2020-03-27T00:38:07Z,eu
192259,2020-03-27T00:58:07Z,eu
192537,2020-03-27T01:18:07Z,eu
192617,2020-03-27T01:38:07Z,eu
192547,2020-03-27T01:58:07Z,eu
192242,2020-03-27T02:18:07Z,eu
191905,2020-03-27T02:38:07Z,eu
191608,2020-03-27T02:58:07Z,eu
191557,2020-03-27T03:18:07Z,eu
191518,2020-03-27T03:38:07Z,eu
191562,2020-03-27T03:58:07Z,eu
191648,2020-03-27T04:18:07Z,eu
192121,2020-03-27T04:38:07Z,eu
192350,2020-03-27T04:58:07Z,eu
192496,2020-03-27T05:18:07Z,eu
192569,2020-03-27T05:38:07Z,eu
192784,2020-03-27T05:58:07Z,eu
193040,2020-03-27T06:18:07Z,eu
193381,2020-03-27T06:38:07Z,eu
193645,2020-03-27T06:58:07Z,eu
193702,2020-03-27T07:18:07Z,eu
193659,2020-03-27T07:38:07Z,eu
193581,2020-03-27T07:58:07Z,eu
193582,2020-03-27T08:18:07Z,eu
193397,2020-03-27T08:38:07Z,eu
193281,2020-03-27T08:58:07Z,eu
193081,2020-03-27T09:18:07Z,eu
192885,2020-03-27T09:38:07Z,eu
192628,2020-03-27T09:58:07Z,eu
192234,2020-03-27T10:18:07Z,eu
191021,2020-03-27T10:38:07Z,eu
189872,2020-03-27T10:58:07Z,eu
189447,2020-03-27T11:18:07Z,eu
189943,2020-03-27T11:38:07Z,eu
190988,2020-03-27T11:58:07Z,eu
192192,2020-03-27T12:18:07Z,eu
193359,2020-03-27T12:38:07Z,eu
193761,2020-03-27T12:58:07Z,eu
193490,2020-03-27T13:18:07Z,eu
193034,2020-03-27T13:58:07Z,eu
193186,2020-03-27T14:18:07Z,eu
192870,2020-03-27T14:38:07Z,eu
191677,2020-03-27T14:58:07Z,eu
190409,2020-03-27T15:18:07Z,eu
189765,2020-03-27T15:38:07Z,eu
189194,2020-03-27T15:58:07Z,eu
188586,2020-03-27T16:18:07Z,eu
188071,2020-03-27T16:38:07Z,eu
189052,2020-03-27T17:18:07Z,eu
190100,2020-03-27T17:38:07Z,eu
190949,2020-03-27T17:58:07Z,eu
191649,2020-03-27T18:18:07Z,eu
192199,2020-03-27T18:38:07Z,eu
192942,2020-03-27T18:58:07Z,eu
193422,2020-03-27T19:18:07Z,eu
193719,2020-03-27T19:38:07Z,eu
193878,2020-03-27T19:58:07Z,eu
194076,2020-03-27T20:18:07Z,eu
193736,2020-03-27T20:38:07Z,eu
193211,2020-03-27T20:58:07Z,eu
192651,2020-03-27T21:18:07Z,eu
192365,2020-03-27T21:38:07Z,eu
192309,2020-03-27T21:58:07Z,eu
192089,2020-03-27T22:18:07Z,eu
191826,2020-03-27T22:38:07Z,eu
191586,2020-03-27T22:58:07Z,eu
191448,2020-03-27T23:18:07Z,eu
191083,2020-03-27T23:38:07Z,eu
190385,2020-03-27T23:58:07Z,eu
189727,2020-03-28T00:18:07Z,eu
189224,2020-03-28T00:38:07Z,eu
188970,2020-03-28T00:58:07Z,eu
189016,2020-03-28T01:18:07Z,eu
189206,2020-03-28T01:38:07Z,eu
189277,2020-03-28T01:58:07Z,eu
189291,2020-03-28T02:18:07Z,eu
189332,2020-03-28T02:38:07Z,eu
189375,2020-03-28T02:58:07Z,eu
189473,2020-03-28T03:18:07Z,eu
189626,2020-03-28T03:38:07Z,eu
189703,2020-03-28T03:58:07Z,eu
189890,2020-03-28T04:18:07Z,eu
190096,2020-03-28T04:38:07Z,eu
190521,2020-03-28T04:58:07Z,eu
190807,2020-03-28T05:18:07Z,eu
191066,2020-03-28T05:38:07Z,eu
191248,2020-03-28T05:58:07Z,eu
191321,2020-03-28T06:18:07Z,eu
191428,2020-03-28T06:38:07Z,eu
191590,2020-03-28T06:58:07Z,eu
191642,2020-03-28T07:18:07Z,eu
191601,2020-03-28T07:38:07Z,eu
191429,2020-03-28T07:58:07Z,eu
191521,2020-03-28T08:18:07Z,eu
191677,2020-03-28T08:38:07Z,eu
191801,2020-03-28T08:58:07Z,eu
191767,2020-03-28T09:18:07Z,eu
191668,2020-03-28T09:38:07Z,eu
191439,2020-03-28T09:58:07Z,eu
191322,2020-03-28T10:18:07Z,eu
191145,2020-03-28T10:38:07Z,eu
190900,2020-03-28T10:58:07Z,eu
190113,2020-03-28T11:18:07Z,eu
189250,2020-03-28T11:38:07Z,eu
188356,2020-03-28T11:58:07Z,eu
188063,2020-03-28T12:18:07Z,eu
188309,2020-03-28T12:38:07Z,eu
188991,2020-03-28T12:58:07Z,eu
189946,2020-03-28T13:18:07Z,eu
190770,2020-03-28T13:38:07Z,eu
191324,2020-03-28T13:58:07Z,eu
191048,2020-03-28T14:18:07Z,eu
190113,2020-03-28T14:38:07Z,eu
189073,2020-03-28T14:58:07Z,eu
188420,2020-03-28T15:18:07Z,eu
188114,2020-03-28T15:38:07Z,eu
188166,2020-03-28T15:58:07Z,eu
188633,2020-03-28T16:18:07Z,eu
188729,2020-03-28T16:38:07Z,eu
188978,2020-03-28T16:58:07Z,eu
189263,2020-03-28T17:18:07Z,eu
190194,2020-03-28T17:38:07Z,eu
190635,2020-03-28T17:58:07Z,eu
190551,2020-03-28T18:18:07Z,eu
190228,2020-03-28T18:38:07Z,eu
189967,2020-03-28T18:58:07Z,eu
189946,2020-03-28T19:18:07Z,eu
189995,2020-03-28T19:38:07Z,eu
190192,2020-03-28T19:58:07Z,eu
190020,2020-03-28T20:18:07Z,eu
190043,2020-03-28T20:38:07Z,eu
189881,2020-03-28T20:58:07Z,eu
189927,2020-03-28T21:18:07Z,eu
189921,2020-03-28T21:38:07Z,eu
189842,2020-03-28T21:58:07Z,eu
189690,2020-03-28T22:18:07Z,eu
189558,2020-03-28T22:38:07Z,eu
189333,2020-03-28T22:58:07Z,eu
189191,2020-03-28T23:18:07Z,eu
189577,2020-03-28T23:38:07Z,eu
190247,2020-03-28T23:58:07Z,eu
190720,2020-03-29T00:18:07Z,eu
190807,2020-03-29T00:38:07Z,eu
190621,2020-03-29T00:58:07Z,eu
190108,2020-03-29T01:18:07Z,eu
189729,2020-03-29T01:38:07Z,eu
189256,2020-03-29T01:58:07Z,eu
189129,2020-03-29T02:18:07Z,eu
188970,2020-03-29T02:38:07Z,eu
189209,2020-03-29T02:58:07Z,eu
189463,2020-03-29T03:18:07Z,eu
189730,2020-03-29T03:38:07Z,eu
189963,2020-03-29T03:58:07Z,eu
190232,2020-03-29T04:18:07Z,eu
190330,2020-03-29T04:38:07Z,eu
190445,2020-03-29T04:58:07Z,eu
190604,2020-03-29T05:18:07Z,eu
191037,2020-03-29T05:38:07Z,eu
191502,2020-03-29T05:58:07Z,eu
191673,2020-03-29T06:18:07Z,eu
192056,2020-03-29T06:38:07Z,eu
192475,2020-03-29T06:58:07Z,eu
192845,2020-03-29T07:18:07Z,eu
192932,2020-03-29T07:38:07Z,eu
193075,2020-03-29T07:58:07Z,eu
193568,2020-03-29T08:18:07Z,eu
194249,2020-03-29T08:38:07Z,eu
194741,2020-03-29T08:58:07Z,eu
194571,2020-03-29T09:18:07Z,eu
194030,2020-03-29T09:38:07Z,eu
192935,2020-03-29T09:58:07Z,eu
191750,2020-03-29T10:18:07Z,eu
191248,2020-03-29T10:38:07Z,eu
190662,2020-03-29T10:58:07Z,eu
189926,2020-03-29T11:18:07Z,eu
189007,2020-03-29T11:38:07Z,eu
187601,2020-03-29T11:58:07Z,eu
186404,2020-03-29T12:18:07Z,eu
185791,2020-03-29T12:38:07Z,eu
186549,2020-03-29T12:58:07Z,eu
187767,2020-03-29T13:18:07Z,eu
189282,2020-03-29T13:38:07Z,eu
190900,2020-03-29T13:58:07Z,eu
192617,2020-03-29T14:18:07Z,eu
194353,2020-03-29T14:38:07Z,eu
195748,2020-03-29T14:58:07Z,eu
196704,2020-03-29T15:18:07Z,eu
197540,2020-03-29T15:38:07Z,eu
198248,2020-03-29T15:58:07Z,eu
198223,2020-03-29T16:18:07Z,eu
197312,2020-03-29T16:38:07Z,eu
197198,2020-03-29T16:58:08Z,eu
196975,2020-03-29T17:18:08Z,eu
196528,2020-03-29T17:38:08Z,eu
195282,2020-03-29T17:58:08Z,eu
193870,2020-03-29T18:18:08Z,eu
192468,2020-03-29T18:38:08Z,eu
191483,2020-03-29T18:58:08Z,eu
191195,2020-03-29T19:18:08Z,eu
191179,2020-03-29T19:38:08Z,eu
191676,2020-03-29T19:58:08Z,eu
192472,2020-03-29T20:18:08Z,eu
193401,2020-03-29T20:38:08Z,eu
193819,2020-03-29T20:58:08Z,eu
193596,2020-03-29T21:18:08Z,eu
192870,2020-03-29T21:38:08Z,eu
192395,2020-03-29T21:58:08Z,eu
192091,2020-03-29T22:18:08Z,eu
191988,2020-03-29T22:38:08Z,eu
191823,2020-03-29T22:58:08Z,eu
191562,2020-03-29T23:18:08Z,eu
191317,2020-03-29T23:38:08Z,eu
191059,2020-03-29T23:58:08Z,eu
191143,2020-03-30T00:18:08Z,eu
191562,2020-03-30T00:38:08Z,eu
192050,2020-03-30T00:58:08Z,eu
192340,2020-03-30T01:18:08Z,eu
192407,2020-03-30T01:38:08Z,eu
192480,2020-03-30T01:58:08Z,eu
192380,2020-03-30T02:18:08Z,eu
192277,2020-03-30T02:38:08Z,eu
192045,2020-03-30T02:58:08Z,eu
191846,2020-03-30T03:18:08Z,eu
191638,2020-03-30T03:38:08Z,eu
191468,2020-03-30T03:58:08Z,eu
191381,2020-03-30T04:18:08Z,eu
191289,2020-03-30T04:38:08Z,eu
191152,2020-03-30T04:58:08Z,eu
191034,2020-03-30T05:18:08Z,eu
190975,2020-03-30T05:38:08Z,eu
190943,2020-03-30T05:58:08Z,eu
190956,2020-03-30T06:18:08Z,eu
190948,2020-03-30T06:38:08Z,eu
190872,2020-03-30T06:58:08Z,eu
190795,2020-03-30T07:18:08Z,eu
190631,2020-03-30T07:38:08Z,eu
190449,2020-03-30T07:58:08Z,eu
190259,2020-03-30T08:18:08Z,eu
190171,2020-03-30T08:38:08Z,eu
190063,2020-03-30T08:58:08Z,eu
189809,2020-03-30T09:18:08Z,eu
189685,2020-03-30T09:38:08Z,eu
189659,2020-03-30T09:58:08Z,eu
189912,2020-03-30T10:18:08Z,eu
190141,2020-03-30T10:38:08Z,eu
190173,2020-03-30T10:58:08Z,eu
190035,2020-03-30T11:18:08Z,eu
189986,2020-03-30T11:38:08Z,eu
189918,2020-03-30T11:58:08Z,eu
189802,2020-03-30T12:18:08Z,eu
189840,2020-03-30T12:38:08Z,eu
190019,2020-03-30T12:58:08Z,eu
189984,2020-03-30T13:18:08Z,eu
189775,2020-03-30T13:38:08Z,eu
189445,2020-03-30T13:58:08Z,eu
189506,2020-03-30T14:18:08Z,eu
189810,2020-03-30T14:38:08Z,eu
190697,2020-03-30T14:58:08Z,eu
191596,2020-03-30T15:18:08Z,eu
192532,2020-03-30T15:38:08Z,eu
192977,2020-03-30T15:58:08Z,eu
192411,2020-03-30T16:18:08Z,eu
191475,2020-03-30T16:38:08Z,eu
190402,2020-03-30T16:58:08Z,eu
189305,2020-03-30T17:18:08Z,eu
188829,2020-03-30T17:38:08Z,eu
188449,2020-03-30T17:58:08Z,eu
188041,2020-03-30T18:18:08Z,eu
188054,2020-03-30T18:38:08Z,eu
188311,2020-03-30T18:58:08Z,eu
189345,2020-03-30T19:18:08Z,eu
190438,2020-03-30T19:38:08Z,eu
191648,2020-03-30T19:58:08Z,eu
192763,2020-03-30T20:18:08Z,eu
192993,2020-03-30T20:38:08Z,eu
192614,2020-03-30T20:58:08Z,eu
191856,2020-03-30T21:18:08Z,eu
191415,2020-03-30T21:38:08Z,eu
191018,2020-03-30T21:58:08Z,eu
190478,2020-03-30T22:18:08Z,eu
189973,2020-03-30T22:38:08Z,eu
189383,2020-03-30T22:58:08Z,eu
189127,2020-03-30T23:18:08Z,eu
189053,2020-03-30T23:38:08Z,eu
188850,2020-03-30T23:58:08Z,eu
188764,2020-03-31T00:18:08Z,eu
188701,2020-03-31T00:38:08Z,eu
189144,2020-03-31T00:58:08Z,eu
189914,2020-03-31T01:18:08Z,eu
190835,2020-03-31T01:38:08Z,eu
191638,2020-03-31T01:58:08Z,eu
192060,2020-03-31T02:18:08Z,eu
192412,2020-03-31T02:38:08Z,eu
192780,2020-03-31T02:58:08Z,eu
193090,2020-03-31T03:18:08Z,eu
193337,2020-03-31T03:38:08Z,eu
193303,2020-03-31T03:58:08Z,eu
193113,2020-03-31T04:18:08Z,eu
192721,2020-03-31T04:38:08Z,eu
192305,2020-03-31T04:58:08Z,eu
192120,2020-03-31T05:18:08Z,eu
192176,2020-03-31T05:38:08Z,eu
192217,2020-03-31T05:58:08Z,eu
192184,2020-03-31T06:18:08Z,eu
192080,2020-03-31T06:38:08Z,eu
191559,2020-03-31T06:58:08Z,eu
190787,2020-03-31T07:18:08Z,eu
189902,2020-03-31T07:38:08Z,eu
189135,2020-03-31T07:58:08Z,eu
188528,2020-03-31T08:18:08Z,eu
187970,2020-03-31T08:38:08Z,eu
187405,2020-03-31T08:58:08Z,eu
186864,2020-03-31T09:18:08Z,eu
186662,2020-03-31T09:38:08Z,eu
186572,2020-03-31T09:58:08Z,eu
186845,2020-03-31T10:18:08Z,eu
187507,2020-03-31T10:38:08Z,eu
188124,2020-03-31T10:58:08Z,eu
188663,2020-03-31T11:18:08Z,eu
189371,2020-03-31T11:38:08Z,eu
190453,2020-03-31T11:58:08Z,eu
190844,2020-03-31T12:18:08Z,eu
191037,2020-03-31T12:38:08Z,eu
191137,2020-03-31T12:58:08Z,eu
190309,2020-03-31T13:18:08Z,eu
189240,2020-03-31T13:38:08Z,eu
188017,2020-03-31T13:58:08Z,eu
186746,2020-03-31T14:18:08Z,eu
185746,2020-03-31T14:38:08Z,eu
185248,2020-03-31T14:58:08Z,eu
185359,2020-03-31T15:18:08Z,eu
186316,2020-03-31T15:38:08Z,eu
186862,2020-03-31T15:58:08Z,eu
187188,2020-03-31T16:18:08Z,eu
186684,2020-03-31T16:38:08Z,eu
186185,2020-03-31T16:58:08Z,eu
185832,2020-03-31T17:18:08Z,eu
185925,2020-03-31T17:38:08Z,eu
186147,2020-03-31T17:58:08Z,eu
186165,2020-03-31T18:18:08Z,eu
186273,2020-03-31T18:38:08Z,eu
186470,2020-03-31T18:58:08Z,eu
187201,2020-03-31T19:18:08Z,eu
187887,2020-03-31T19:38:08Z,eu
188747,2020-03-31T19:58:08Z,eu
189467,2020-03-31T20:18:08Z,eu
189898,2020-03-31T20:38:08Z,eu
189999,2020-03-31T20:58:08Z,eu
190139,2020-03-31T21:18:08Z,eu
189987,2020-03-31T21:38:08Z,eu
189891,2020-03-31T21:58:08Z,eu
189846,2020-03-31T22:18:08Z,eu
189842,2020-03-31T22:38:08Z,eu
190147,2020-03-31T22:58:08Z,eu
190412,2020-03-31T23:18:08Z,eu
191001,2020-03-31T23:38:08Z,eu
191245,2020-03-31T23:58:08Z,eu
191377,2020-04-01T00:18:08Z,eu
191500,2020-04-01T00:38:08Z,eu
191544,2020-04-01T00:58:08Z,eu
191566,2020-04-01T01:18:08Z,eu
191611,2020-04-01T01:38:08Z,eu
191656,2020-04-01T01:58:08Z,eu
191755,2020-04-01T02:18:08Z,eu
191717,2020-04-01T02:38:08Z,eu
191704,2020-04-01T03:18:08Z,eu
191657,2020-04-01T03:38:08Z,eu
191517,2020-04-01T03:58:08Z,eu
191427,2020-04-01T04:18:08Z,eu
191445,2020-04-01T04:38:08Z,eu
191455,2020-04-01T04:58:08Z,eu
191560,2020-04-01T05:18:08Z,eu
191462,2020-04-01T05:38:08Z,eu
191216,2020-04-01T05:58:08Z,eu
191010,2020-04-01T06:18:08Z,eu
190876,2020-04-01T06:38:08Z,eu
190823,2020-04-01T06:58:08Z,eu
190734,2020-04-01T07:18:08Z,eu
190436,2020-04-01T07:38:08Z,eu
190042,2020-04-01T07:58:08Z,eu
189509,2020-04-01T08:18:08Z,eu
188550,2020-04-01T08:38:08Z,eu
187494,2020-04-01T08:58:08Z,eu
186819,2020-04-01T09:18:08Z,eu
186401,2020-04-01T09:38:08Z,eu
186204,2020-04-01T09:58:08Z,eu
185739,2020-04-01T10:18:08Z,eu
185559,2020-04-01T10:38:08Z,eu
185674,2020-04-01T10:58:08Z,eu
186221,2020-04-01T11:18:08Z,eu
186231,2020-04-01T11:38:08Z,eu
185750,2020-04-01T11:58:08Z,eu
185206,2020-04-01T12:18:08Z,eu
184931,2020-04-01T12:38:08Z,eu
184977,2020-04-01T12:58:08Z,eu
184850,2020-04-01T13:18:08Z,eu
184733,2020-04-01T13:38:08Z,eu
184582,2020-04-01T13:58:08Z,eu
184490,2020-04-01T14:18:08Z,eu
184316,2020-04-01T14:38:08Z,eu
184163,2020-04-01T14:58:08Z,eu
184013,2020-04-01T15:18:08Z,eu
183963,2020-04-01T15:38:08Z,eu
184118,2020-04-01T15:58:08Z,eu
184527,2020-04-01T16:18:08Z,eu
184941,2020-04-01T16:38:08Z,eu
185225,2020-04-01T16:58:08Z,eu
185023,2020-04-01T17:18:08Z,eu
185393,2020-04-01T17:38:08Z,eu
184999,2020-04-01T17:58:08Z,eu
184724,2020-04-01T18:18:08Z,eu
184428,2020-04-01T18:38:08Z,eu
184619,2020-04-01T18:58:08Z,eu
184695,2020-04-01T19:18:08Z,eu
184716,2020-04-01T19:38:08Z,eu
184775,2020-04-01T19:58:08Z,eu
184905,2020-04-01T20:18:08Z,eu
185171,2020-04-01T20:38:08Z,eu
185458,2020-04-01T20:58:08Z,eu
185567,2020-04-01T21:18:08Z,eu
185405,2020-04-01T21:38:08Z,eu
185196,2020-04-01T21:58:08Z,eu
185019,2020-04-01T22:18:08Z,eu
184645,2020-04-01T22:38:08Z,eu
184078,2020-04-01T22:58:08Z,eu
183539,2020-04-01T23:18:08Z,eu
183185,2020-04-01T23:38:08Z,eu
183056,2020-04-01T23:58:08Z,eu
183151,2020-04-02T00:18:08Z,eu
183202,2020-04-02T00:38:08Z,eu
183394,2020-04-02T00:58:08Z,eu
183311,2020-04-02T01:18:08Z,eu
183227,2020-04-02T01:38:08Z,eu
183181,2020-04-02T01:58:08Z,eu
183144,2020-04-02T02:18:08Z,eu
183124,2020-04-02T02:38:08Z,eu
183079,2020-04-02T02:58:08Z,eu
183201,2020-04-02T03:18:08Z,eu
183516,2020-04-02T03:38:08Z,eu
183922,2020-04-02T03:58:08Z,eu
184323,2020-04-02T04:18:08Z,eu
184715,2020-04-02T04:38:08Z,eu
185213,2020-04-02T04:58:08Z,eu
185583,2020-04-02T05:18:08Z,eu
185887,2020-04-02T05:38:08Z,eu
186166,2020-04-02T05:58:08Z,eu
186688,2020-04-02T06:18:08Z,eu
187202,2020-04-02T06:38:08Z,eu
187869,2020-04-02T06:58:08Z,eu
188355,2020-04-02T07:18:08Z,eu
188827,2020-04-02T07:38:08Z,eu
189206,2020-04-02T07:58:08Z,eu
189614,2020-04-02T08:18:08Z,eu
189871,2020-04-02T08:38:08Z,eu
190136,2020-04-02T08:58:08Z,eu
189736,2020-04-02T09:18:08Z,eu
189459,2020-04-02T09:38:08Z,eu
188798,2020-04-02T09:58:08Z,eu
188048,2020-04-02T10:18:08Z,eu
187296,2020-04-02T10:38:08Z,eu
186615,2020-04-02T10:58:08Z,eu
186260,2020-04-02T11:18:08Z,eu
185756,2020-04-02T11:38:08Z,eu
185181,2020-04-02T11:58:08Z,eu
184423,2020-04-02T12:18:08Z,eu
183975,2020-04-02T12:38:08Z,eu
183245,2020-04-02T12:58:08Z,eu
182356,2020-04-02T13:18:08Z,eu
181422,2020-04-02T13:38:08Z,eu
181449,2020-04-02T13:58:08Z,eu
181366,2020-04-02T14:18:08Z,eu
181499,2020-04-02T14:38:08Z,eu
181701,2020-04-02T14:58:08Z,eu
182590,2020-04-02T15:18:08Z,eu
182945,2020-04-02T15:38:08Z,eu
183005,2020-04-02T15:58:08Z,eu
182862,2020-04-02T16:18:08Z,eu
182711,2020-04-02T16:38:08Z,eu
182741,2020-04-02T16:58:08Z,eu
182779,2020-04-02T17:18:08Z,eu
183090,2020-04-02T17:38:08Z,eu
183667,2020-04-02T17:58:08Z,eu
184244,2020-04-02T18:18:08Z,eu
184485,2020-04-02T18:38:08Z,eu
184194,2020-04-02T18:58:08Z,eu
183895,2020-04-02T19:18:08Z,eu
183718,2020-04-02T19:38:08Z,eu
183923,2020-04-02T19:58:08Z,eu
184362,2020-04-02T20:38:08Z,eu
184417,2020-04-02T20:58:08Z,eu
184074,2020-04-02T21:18:08Z,eu
183514,2020-04-02T21:38:08Z,eu
183600,2020-04-02T21:58:08Z,eu
183557,2020-04-02T22:18:08Z,eu
183631,2020-04-02T22:38:08Z,eu
183319,2020-04-02T22:58:08Z,eu
183255,2020-04-02T23:18:08Z,eu
183311,2020-04-02T23:38:08Z,eu
183492,2020-04-02T23:58:08Z,eu
183645,2020-04-03T00:18:08Z,eu
183328,2020-04-03T00:38:08Z,eu
183160,2020-04-03T00:58:08Z,eu
182895,2020-04-03T01:18:08Z,eu
182838,2020-04-03T01:38:08Z,eu
182569,2020-04-03T01:58:08Z,eu
182324,2020-04-03T02:18:08Z,eu
182169,2020-04-03T02:38:08Z,eu
182024,2020-04-03T02:58:08Z,eu
181920,2020-04-03T03:18:08Z,eu
181957,2020-04-03T03:38:08Z,eu
182459,2020-04-03T03:58:08Z,eu
182985,2020-04-03T04:18:08Z,eu
183457,2020-04-03T04:38:08Z,eu
183707,2020-04-03T04:58:08Z,eu
184221,2020-04-03T05:18:08Z,eu
184665,2020-04-03T05:38:08Z,eu
185039,2020-04-03T05:58:08Z,eu
185255,2020-04-03T06:18:08Z,eu
185589,2020-04-03T06:38:08Z,eu
186137,2020-04-03T06:58:08Z,eu
186693,2020-04-03T07:18:08Z,eu
187153,2020-04-03T07:38:08Z,eu
187336,2020-04-03T07:58:08Z,eu
187283,2020-04-03T08:18:08Z,eu
187397,2020-04-03T08:38:08Z,eu
187477,2020-04-03T08:58:08Z,eu
187267,2020-04-03T09:18:08Z,eu
186404,2020-04-03T09:38:08Z,eu
185297,2020-04-03T09:58:08Z,eu
184432,2020-04-03T10:18:08Z,eu
183526,2020-04-03T10:38:08Z,eu
182573,2020-04-03T10:58:08Z,eu
181578,2020-04-03T11:18:08Z,eu
180850,2020-04-03T11:38:08Z,eu
180218,2020-04-03T11:58:08Z,eu
179383,2020-04-03T12:18:08Z,eu
178873,2020-04-03T12:38:08Z,eu
178672,2020-04-03T12:58:08Z,eu
179099,2020-04-03T13:18:08Z,eu
179991,2020-04-03T13:38:08Z,eu
181021,2020-04-03T13:58:08Z,eu
182120,2020-04-03T14:18:08Z,eu
183106,2020-04-03T14:38:08Z,eu
183463,2020-04-03T14:58:08Z,eu
183588,2020-04-03T15:18:08Z,eu
183642,2020-04-03T15:38:08Z,eu
182638,2020-04-03T15:58:08Z,eu
181862,2020-04-03T16:18:08Z,eu
181254,2020-04-03T16:38:08Z,eu
180920,2020-04-03T16:58:08Z,eu
180280,2020-04-03T17:18:08Z,eu
179426,2020-04-03T17:38:08Z,eu
178991,2020-04-03T17:58:08Z,eu
178907,2020-04-03T18:18:08Z,eu
179193,2020-04-03T18:38:08Z,eu
179570,2020-04-03T18:58:08Z,eu
180276,2020-04-03T19:18:08Z,eu
181172,2020-04-03T19:38:08Z,eu
181698,2020-04-03T19:58:08Z,eu
181935,2020-04-03T20:18:08Z,eu
181822,2020-04-03T20:38:08Z,eu
181875,2020-04-03T20:58:08Z,eu
181867,2020-04-03T21:18:08Z,eu
181743,2020-04-03T21:38:08Z,eu
180950,2020-04-03T21:58:08Z,eu
180099,2020-04-03T22:18:08Z,eu
179570,2020-04-03T22:38:08Z,eu
179466,2020-04-03T22:58:08Z,eu
179546,2020-04-03T23:18:08Z,eu
179562,2020-04-03T23:38:08Z,eu
179828,2020-04-03T23:58:08Z,eu
180056,2020-04-04T00:18:08Z,eu
180177,2020-04-04T00:38:08Z,eu
180020,2020-04-04T00:58:08Z,eu
179870,2020-04-04T01:18:08Z,eu
179654,2020-04-04T01:38:08Z,eu
179475,2020-04-04T01:58:08Z,eu
179321,2020-04-04T02:18:08Z,eu
179287,2020-04-04T02:38:08Z,eu
179216,2020-04-04T02:58:08Z,eu
179150,2020-04-04T03:18:08Z,eu
179277,2020-04-04T03:38:08Z,eu
179774,2020-04-04T03:58:08Z,eu
180370,2020-04-04T04:18:08Z,eu
180717,2020-04-04T04:38:08Z,eu
181022,2020-04-04T04:58:08Z,eu
181346,2020-04-04T05:18:08Z,eu
181593,2020-04-04T05:38:08Z,eu
181889,2020-04-04T05:58:08Z,eu
182159,2020-04-04T06:18:08Z,eu
182645,2020-04-04T06:38:08Z,eu
183132,2020-04-04T06:58:08Z,eu
183671,2020-04-04T07:18:08Z,eu
184226,2020-04-04T07:38:08Z,eu
184629,2020-04-04T07:58:08Z,eu
185047,2020-04-04T08:18:08Z,eu
185889,2020-04-04T08:58:08Z,eu
186099,2020-04-04T09:18:08Z,eu
186182,2020-04-04T09:38:08Z,eu
186053,2020-04-04T09:58:08Z,eu
185305,2020-04-04T10:18:08Z,eu
184625,2020-04-04T10:38:08Z,eu
184161,2020-04-04T10:58:08Z,eu
183568,2020-04-04T11:18:08Z,eu
182583,2020-04-04T11:38:08Z,eu
181340,2020-04-04T11:58:08Z,eu
180077,2020-04-04T12:18:08Z,eu
179168,2020-04-04T12:38:08Z,eu
178743,2020-04-04T12:58:08Z,eu
178521,2020-04-04T13:18:08Z,eu
178707,2020-04-04T13:38:08Z,eu
179212,2020-04-04T13:58:08Z,eu
179538,2020-04-04T14:18:08Z,eu
180059,2020-04-04T14:38:08Z,eu
180202,2020-04-04T14:58:08Z,eu
180558,2020-04-04T15:18:08Z,eu
180516,2020-04-04T15:38:08Z,eu
180553,2020-04-04T15:58:08Z,eu
180702,2020-04-04T16:18:08Z,eu
181160,2020-04-04T16:38:08Z,eu
181273,2020-04-04T16:58:08Z,eu
181002,2020-04-04T17:18:08Z,eu
180720,2020-04-04T17:38:08Z,eu
180417,2020-04-04T17:58:08Z,eu
180255,2020-04-04T18:18:08Z,eu
180392,2020-04-04T18:38:08Z,eu
180618,2020-04-04T18:58:08Z,eu
180930,2020-04-04T19:18:08Z,eu
181312,2020-04-04T19:38:08Z,eu
181792,2020-04-04T19:58:08Z,eu
182158,2020-04-04T20:18:08Z,eu
182457,2020-04-04T20:38:08Z,eu
182612,2020-04-04T20:58:08Z,eu
182820,2020-04-04T21:18:08Z,eu
182861,2020-04-04T21:38:08Z,eu
182852,2020-04-04T21:58:08Z,eu
182747,2020-04-04T22:18:08Z,eu
182355,2020-04-04T22:38:08Z,eu
182161,2020-04-04T22:58:08Z,eu
181625,2020-04-04T23:18:08Z,eu
181097,2020-04-04T23:38:08Z,eu
180578,2020-04-04T23:58:08Z,eu
180420,2020-04-05T00:18:08Z,eu
180360,2020-04-05T00:38:08Z,eu
180618,2020-04-05T00:58:08Z,eu
180933,2020-04-05T01:18:08Z,eu
181309,2020-04-05T01:38:08Z,eu
181402,2020-04-05T01:58:08Z,eu
181546,2020-04-05T02:18:08Z,eu
181715,2020-04-05T02:38:08Z,eu
181922,2020-04-05T02:58:08Z,eu
182016,2020-04-05T03:18:08Z,eu
182084,2020-04-05T03:38:08Z,eu
182171,2020-04-05T03:58:08Z,eu
182269,2020-04-05T04:18:08Z,eu
182348,2020-04-05T04:38:08Z,eu
182300,2020-04-05T04:58:08Z,eu
182269,2020-04-05T05:18:08Z,eu
182250,2020-04-05T05:38:08Z,eu
182097,2020-04-05T05:58:08Z,eu
181829,2020-04-05T06:18:08Z,eu
181609,2020-04-05T06:38:08Z,eu
181546,2020-04-05T06:58:08Z,eu
181387,2020-04-05T07:18:08Z,eu
181222,2020-04-05T07:38:08Z,eu
181243,2020-04-05T07:58:08Z,eu
181408,2020-04-05T08:18:08Z,eu
181572,2020-04-05T08:38:08Z,eu
181557,2020-04-05T08:58:08Z,eu
181481,2020-04-05T09:18:08Z,eu
181365,2020-04-05T09:38:08Z,eu
181445,2020-04-05T09:58:08Z,eu
181711,2020-04-05T10:18:08Z,eu
182013,2020-04-05T10:38:08Z,eu
182496,2020-04-05T10:58:08Z,eu
182566,2020-04-05T11:18:08Z,eu
182519,2020-04-05T11:38:08Z,eu
182380,2020-04-05T11:58:08Z,eu
182094,2020-04-05T12:18:08Z,eu
181510,2020-04-05T12:38:08Z,eu
180936,2020-04-05T12:58:08Z,eu
180436,2020-04-05T13:18:08Z,eu
180261,2020-04-05T13:38:08Z,eu
180055,2020-04-05T13:58:08Z,eu
179988,2020-04-05T14:18:08Z,eu
179888,2020-04-05T14:38:08Z,eu
180014,2020-04-05T14:58:08Z,eu
180133,2020-04-05T15:18:08Z,eu
179922,2020-04-05T15:38:08Z,eu
179845,2020-04-05T15:58:08Z,eu
179817,2020-04-05T16:18:08Z,eu
179955,2020-04-05T16:38:08Z,eu
180858,2020-04-05T16:58:08Z,eu
181979,2020-04-05T17:18:08Z,eu
183200,2020-04-05T17:38:08Z,eu
184421,2020-04-05T17:58:08Z,eu
185339,2020-04-05T18:18:08Z,eu
185831,2020-04-05T18:38:08Z,eu
186179,2020-04-05T18:58:08Z,eu
186562,2020-04-05T19:18:08Z,eu
187052,2020-04-05T19:38:08Z,eu
186844,2020-04-05T19:58:08Z,eu
186127,2020-04-05T20:18:08Z,eu
185472,2020-04-05T20:38:08Z,eu
185097,2020-04-05T20:58:08Z,eu
184773,2020-04-05T21:18:08Z,eu
184254,2020-04-05T21:38:08Z,eu
183752,2020-04-05T21:58:08Z,eu
183535,2020-04-05T22:18:08Z,eu
183089,2020-04-05T22:38:08Z,eu
182689,2020-04-05T22:58:08Z,eu
181998,2020-04-05T23:18:08Z,eu
181745,2020-04-05T23:38:08Z,eu
181526,2020-04-05T23:58:08Z,eu
181523,2020-04-06T00:18:08Z,eu
181487,2020-04-06T00:38:08Z,eu
181426,2020-04-06T00:58:08Z,eu
181289,2020-04-06T01:18:08Z,eu
181161,2020-04-06T01:38:08Z,eu
181053,2020-04-06T01:58:08Z,eu
180991,2020-04-06T02:18:08Z,eu
180962,2020-04-06T02:38:08Z,eu
180744,2020-04-06T02:58:08Z,eu
180618,2020-04-06T03:18:08Z,eu
180493,2020-04-06T03:38:08Z,eu
180513,2020-04-06T03:58:08Z,eu
180445,2020-04-06T04:18:08Z,eu
180382,2020-04-06T04:38:08Z,eu
180378,2020-04-06T04:58:08Z,eu
180483,2020-04-06T05:18:08Z,eu
180774,2020-04-06T05:38:08Z,eu
181129,2020-04-06T05:58:08Z,eu
181593,2020-04-06T06:18:08Z,eu
182024,2020-04-06T06:38:08Z,eu
182505,2020-04-06T06:58:08Z,eu
182930,2020-04-06T07:18:08Z,eu
183418,2020-04-06T07:38:08Z,eu
183686,2020-04-06T07:58:08Z,eu
183766,2020-04-06T08:18:08Z,eu
183613,2020-04-06T08:38:08Z,eu
183548,2020-04-06T08:58:08Z,eu
183741,2020-04-06T09:18:08Z,eu
184022,2020-04-06T09:38:08Z,eu
184276,2020-04-06T09:58:08Z,eu
184190,2020-04-06T10:18:08Z,eu
184142,2020-04-06T10:38:08Z,eu
184037,2020-04-06T10:58:08Z,eu
183892,2020-04-06T11:18:08Z,eu
183402,2020-04-06T11:38:08Z,eu
182921,2020-04-06T11:58:08Z,eu
182873,2020-04-06T12:18:08Z,eu
183297,2020-04-06T12:38:08Z,eu
184081,2020-04-06T12:58:08Z,eu
184887,2020-04-06T13:18:08Z,eu
185535,2020-04-06T13:38:08Z,eu
186086,2020-04-06T13:58:08Z,eu
186062,2020-04-06T14:18:08Z,eu
185380,2020-04-06T14:38:08Z,eu
184463,2020-04-06T14:58:08Z,eu
183640,2020-04-06T15:18:08Z,eu
182880,2020-04-06T15:38:08Z,eu
182109,2020-04-06T15:58:08Z,eu
181381,2020-04-06T16:18:08Z,eu
181054,2020-04-06T16:38:08Z,eu
180914,2020-04-06T16:58:08Z,eu
180933,2020-04-06T17:18:08Z,eu
181984,2020-04-06T17:38:08Z,eu
183114,2020-04-06T17:58:08Z,eu
184034,2020-04-06T18:18:08Z,eu
184587,2020-04-06T18:38:08Z,eu
185054,2020-04-06T18:58:08Z,eu
185501,2020-04-06T19:18:08Z,eu
185881,2020-04-06T19:38:08Z,eu
186382,2020-04-06T19:58:08Z,eu
186943,2020-04-06T20:18:08Z,eu
187151,2020-04-06T20:38:08Z,eu
186684,2020-04-06T20:58:08Z,eu
185952,2020-04-06T21:18:08Z,eu
185393,2020-04-06T21:38:08Z,eu
184974,2020-04-06T21:58:08Z,eu
184781,2020-04-06T22:18:08Z,eu
184599,2020-04-06T22:38:08Z,eu
184424,2020-04-06T22:58:08Z,eu
184164,2020-04-06T23:18:08Z,eu
183940,2020-04-06T23:38:08Z,eu
183588,2020-04-06T23:58:08Z,eu
183334,2020-04-07T00:18:08Z,eu
183204,2020-04-07T00:38:08Z,eu
183134,2020-04-07T00:58:08Z,eu
183035,2020-04-07T01:18:08Z,eu
182843,2020-04-07T01:38:08Z,eu
182505,2020-04-07T01:58:08Z,eu
182120,2020-04-07T02:18:08Z,eu
181834,2020-04-07T02:38:08Z,eu
181695,2020-04-07T02:58:08Z,eu
181643,2020-04-07T03:18:08Z,eu
181644,2020-04-07T03:38:08Z,eu
181600,2020-04-07T03:58:08Z,eu
181549,2020-04-07T04:18:08Z,eu
181492,2020-04-07T04:38:08Z,eu
181525,2020-04-07T04:58:08Z,eu
181485,2020-04-07T05:18:08Z,eu
181468,2020-04-07T05:38:08Z,eu
181481,2020-04-07T05:58:08Z,eu
181709,2020-04-07T06:18:08Z,eu
181815,2020-04-07T06:38:08Z,eu
181939,2020-04-07T06:58:08Z,eu
181987,2020-04-07T07:18:08Z,eu
182116,2020-04-07T07:38:08Z,eu
182265,2020-04-07T07:58:08Z,eu
182166,2020-04-07T08:18:08Z,eu
181916,2020-04-07T08:38:08Z,eu
181509,2020-04-07T08:58:08Z,eu
181438,2020-04-07T09:18:08Z,eu
181743,2020-04-07T09:38:08Z,eu
182221,2020-04-07T09:58:08Z,eu
182592,2020-04-07T10:18:08Z,eu
182802,2020-04-07T10:38:08Z,eu
183023,2020-04-07T10:58:08Z,eu
183088,2020-04-07T11:18:08Z,eu
183156,2020-04-07T11:38:08Z,eu
183278,2020-04-07T11:58:08Z,eu
183273,2020-04-07T12:18:08Z,eu
183045,2020-04-07T12:38:08Z,eu
182540,2020-04-07T12:58:08Z,eu
181950,2020-04-07T13:18:08Z,eu
181492,2020-04-07T13:38:08Z,eu
181193,2020-04-07T13:58:08Z,eu
180954,2020-04-07T14:18:08Z,eu
180558,2020-04-07T14:38:08Z,eu
180272,2020-04-07T14:58:08Z,eu
180269,2020-04-07T15:18:08Z,eu
180407,2020-04-07T15:38:08Z,eu
180383,2020-04-07T15:58:08Z,eu
180113,2020-04-07T16:18:08Z,eu
179634,2020-04-07T16:38:08Z,eu
179730,2020-04-07T16:58:08Z,eu
179875,2020-04-07T17:18:08Z,eu
180172,2020-04-07T17:38:08Z,eu
180318,2020-04-07T17:58:08Z,eu
181037,2020-04-07T18:18:08Z,eu
181735,2020-04-07T18:38:08Z,eu
182933,2020-04-07T18:58:08Z,eu
183685,2020-04-07T19:18:08Z,eu
184064,2020-04-07T19:38:08Z,eu
184116,2020-04-07T19:58:08Z,eu
183884,2020-04-07T20:18:08Z,eu
183773,2020-04-07T20:38:08Z,eu
183914,2020-04-07T20:58:08Z,eu
184673,2020-04-07T21:18:08Z,eu
185237,2020-04-07T21:38:08Z,eu
185568,2020-04-07T21:58:08Z,eu
185686,2020-04-07T22:18:08Z,eu
186066,2020-04-07T22:38:08Z,eu
186374,2020-04-07T22:58:08Z,eu
186458,2020-04-07T23:18:08Z,eu
186780,2020-04-07T23:38:08Z,eu
187207,2020-04-07T23:58:08Z,eu
187820,2020-04-08T00:18:08Z,eu
188641,2020-04-08T00:38:08Z,eu
189247,2020-04-08T00:58:08Z,eu
189690,2020-04-08T01:18:08Z,eu
190061,2020-04-08T01:38:08Z,eu
190433,2020-04-08T01:58:08Z,eu
190696,2020-04-08T02:18:08Z,eu
191187,2020-04-08T02:38:08Z,eu
191673,2020-04-08T02:58:08Z,eu
192156,2020-04-08T03:18:08Z,eu
192632,2020-04-08T03:38:08Z,eu
193038,2020-04-08T03:58:08Z,eu
193387,2020-04-08T04:18:08Z,eu
193518,2020-04-08T04:38:08Z,eu
193563,2020-04-08T04:58:08Z,eu
193524,2020-04-08T05:18:08Z,eu
193332,2020-04-08T05:38:08Z,eu
192994,2020-04-08T05:58:08Z,eu
192552,2020-04-08T06:18:08Z,eu
191994,2020-04-08T06:38:08Z,eu
191101,2020-04-08T06:58:08Z,eu
190576,2020-04-08T07:18:08Z,eu
189939,2020-04-08T07:38:08Z,eu
189208,2020-04-08T07:58:08Z,eu
187852,2020-04-08T08:18:08Z,eu
186674,2020-04-08T08:38:08Z,eu
185735,2020-04-08T08:58:08Z,eu
184636,2020-04-08T09:18:08Z,eu
183466,2020-04-08T09:38:08Z,eu
182020,2020-04-08T09:58:08Z,eu
180740,2020-04-08T10:18:08Z,eu
179247,2020-04-08T10:38:08Z,eu
178224,2020-04-08T10:58:08Z,eu
177477,2020-04-08T11:18:08Z,eu
177925,2020-04-08T11:38:08Z,eu
178805,2020-04-08T11:58:08Z,eu
179803,2020-04-08T12:18:08Z,eu
180911,2020-04-08T12:38:08Z,eu
182067,2020-04-08T12:58:08Z,eu
183070,2020-04-08T13:18:08Z,eu
183522,2020-04-08T13:38:08Z,eu
183879,2020-04-08T13:58:08Z,eu
184025,2020-04-08T14:18:08Z,eu
183512,2020-04-08T14:38:08Z,eu
182720,2020-04-08T14:58:08Z,eu
182143,2020-04-08T15:18:08Z,eu
181391,2020-04-08T15:38:08Z,eu
180433,2020-04-08T15:58:08Z,eu
179374,2020-04-08T16:18:08Z,eu
178710,2020-04-08T16:38:08Z,eu
178784,2020-04-08T16:58:08Z,eu
179449,2020-04-08T17:18:08Z,eu
180434,2020-04-08T17:38:08Z,eu
181205,2020-04-08T17:58:08Z,eu
181642,2020-04-08T18:18:08Z,eu
181564,2020-04-08T18:38:08Z,eu
181829,2020-04-08T18:58:08Z,eu
182312,2020-04-08T19:18:08Z,eu
182571,2020-04-08T19:38:08Z,eu
182732,2020-04-08T19:58:08Z,eu
182795,2020-04-08T20:18:08Z,eu
182373,2020-04-08T20:38:08Z,eu
181830,2020-04-08T20:58:08Z,eu
181378,2020-04-08T21:18:08Z,eu
180289,2020-04-08T21:38:08Z,eu
179210,2020-04-08T21:58:08Z,eu
178386,2020-04-08T22:18:08Z,eu
178384,2020-04-08T22:38:08Z,eu
178941,2020-04-08T22:58:08Z,eu
179619,2020-04-08T23:18:08Z,eu
180309,2020-04-08T23:38:08Z,eu
180628,2020-04-08T23:58:08Z,eu
180786,2020-04-09T00:18:08Z,eu
180654,2020-04-09T00:38:08Z,eu
180578,2020-04-09T00:58:08Z,eu
180376,2020-04-09T01:18:08Z,eu
180160,2020-04-09T01:38:08Z,eu
180099,2020-04-09T01:58:08Z,eu
180020,2020-04-09T02:18:08Z,eu
179931,2020-04-09T02:38:08Z,eu
179933,2020-04-09T02:58:08Z,eu
180113,2020-04-09T03:18:08Z,eu
180255,2020-04-09T03:38:08Z,eu
180386,2020-04-09T03:58:08Z,eu
180513,2020-04-09T04:18:08Z,eu
180585,2020-04-09T04:38:08Z,eu
180718,2020-04-09T04:58:08Z,eu
180886,2020-04-09T05:18:08Z,eu
181072,2020-04-09T05:38:08Z,eu
181087,2020-04-09T05:58:08Z,eu
181288,2020-04-09T06:18:08Z,eu
181592,2020-04-09T06:38:08Z,eu
181865,2020-04-09T06:58:08Z,eu
181953,2020-04-09T07:18:08Z,eu
182016,2020-04-09T07:38:08Z,eu
182182,2020-04-09T07:58:08Z,eu
182426,2020-04-09T08:18:08Z,eu
182773,2020-04-09T08:38:08Z,eu
183417,2020-04-09T08:58:08Z,eu
183594,2020-04-09T09:18:08Z,eu
183527,2020-04-09T09:38:08Z,eu
183241,2020-04-09T09:58:08Z,eu
182967,2020-04-09T10:18:08Z,eu
182359,2020-04-09T10:38:08Z,eu
181777,2020-04-09T10:58:08Z,eu
181141,2020-04-09T11:18:08Z,eu
180819,2020-04-09T11:38:08Z,eu
180671,2020-04-09T11:58:08Z,eu
180401,2020-04-09T12:18:08Z,eu
180251,2020-04-09T12:38:08Z,eu
179722,2020-04-09T12:58:08Z,eu
179548,2020-04-09T13:18:08Z,eu
179596,2020-04-09T13:38:08Z,eu
179747,2020-04-09T13:58:08Z,eu
180080,2020-04-09T14:18:08Z,eu
180506,2020-04-09T14:38:08Z,eu
181206,2020-04-09T14:58:08Z,eu
181181,2020-04-09T15:18:08Z,eu
180912,2020-04-09T15:38:08Z,eu
180662,2020-04-09T15:58:08Z,eu
180800,2020-04-09T16:18:08Z,eu
180722,2020-04-09T16:38:08Z,eu
180523,2020-04-09T16:58:08Z,eu
180133,2020-04-09T17:18:08Z,eu
180366,2020-04-09T17:38:08Z,eu
180765,2020-04-09T17:58:08Z,eu
181654,2020-04-09T18:18:08Z,eu
182196,2020-04-09T18:38:08Z,eu
183025,2020-04-09T18:58:08Z,eu
183292,2020-04-09T19:18:08Z,eu
183471,2020-04-09T19:38:08Z,eu
183281,2020-04-09T19:58:08Z,eu
183316,2020-04-09T20:18:08Z,eu
183332,2020-04-09T20:38:08Z,eu
183276,2020-04-09T20:58:08Z,eu
183130,2020-04-09T21:18:08Z,eu
182907,2020-04-09T21:38:08Z,eu
182595,2020-04-09T21:58:08Z,eu
182187,2020-04-09T22:18:08Z,eu
181935,2020-04-09T22:38:08Z,eu
181587,2020-04-09T22:58:08Z,eu
181298,2020-04-09T23:18:08Z,eu
180690,2020-04-09T23:38:08Z,eu
180337,2020-04-09T23:58:08Z,eu
180264,2020-04-10T00:18:08Z,eu
180617,2020-04-10T00:38:08Z,eu
180935,2020-04-10T00:58:08Z,eu
181011,2020-04-10T01:18:08Z,eu
180954,2020-04-10T01:38:08Z,eu
180919,2020-04-10T01:58:08Z,eu
180930,2020-04-10T02:18:08Z,eu
181028,2020-04-10T02:38:08Z,eu
181137,2020-04-10T02:58:08Z,eu
181361,2020-04-10T03:18:08Z,eu
181883,2020-04-10T03:38:08Z,eu
182458,2020-04-10T03:58:08Z,eu
182948,2020-04-10T04:18:08Z,eu
183412,2020-04-10T04:38:08Z,eu
183986,2020-04-10T04:58:08Z,eu
184649,2020-04-10T05:18:08Z,eu
185391,2020-04-10T05:38:08Z,eu
186308,2020-04-10T05:58:08Z,eu
187098,2020-04-10T06:18:08Z,eu
187449,2020-04-10T06:38:08Z,eu
187848,2020-04-10T06:58:08Z,eu
188034,2020-04-10T07:18:08Z,eu
187872,2020-04-10T07:38:08Z,eu
187295,2020-04-10T07:58:08Z,eu
186350,2020-04-10T08:18:08Z,eu
186134,2020-04-10T08:38:08Z,eu
185815,2020-04-10T08:58:08Z,eu
185372,2020-04-10T09:18:08Z,eu
184503,2020-04-10T09:38:08Z,eu
183431,2020-04-10T09:58:08Z,eu
182520,2020-04-10T10:18:08Z,eu
181542,2020-04-10T10:38:08Z,eu
180702,2020-04-10T10:58:08Z,eu
179991,2020-04-10T11:18:08Z,eu
179900,2020-04-10T11:38:08Z,eu
180302,2020-04-10T11:58:08Z,eu
181086,2020-04-10T12:18:08Z,eu
181551,2020-04-10T12:38:08Z,eu
181642,2020-04-10T12:58:08Z,eu
181159,2020-04-10T13:18:08Z,eu
180734,2020-04-10T13:38:08Z,eu
180725,2020-04-10T13:58:08Z,eu
181029,2020-04-10T14:18:08Z,eu
181056,2020-04-10T14:38:08Z,eu
181076,2020-04-10T14:58:08Z,eu
181098,2020-04-10T15:18:08Z,eu
181272,2020-04-10T15:38:08Z,eu
181971,2020-04-10T15:58:08Z,eu
182709,2020-04-10T16:18:08Z,eu
183398,2020-04-10T16:38:08Z,eu
183822,2020-04-10T16:58:08Z,eu
183863,2020-04-10T17:18:08Z,eu
183838,2020-04-10T17:38:08Z,eu
183847,2020-04-10T17:58:08Z,eu
183878,2020-04-10T18:18:08Z,eu
183411,2020-04-10T18:38:08Z,eu
182975,2020-04-10T18:58:08Z,eu
182559,2020-04-10T19:18:08Z,eu
182416,2020-04-10T19:38:08Z,eu
181988,2020-04-10T19:58:08Z,eu
181796,2020-04-10T20:18:08Z,eu
181659,2020-04-10T20:38:08Z,eu
181677,2020-04-10T20:58:08Z,eu
181856,2020-04-10T21:18:08Z,eu
182463,2020-04-10T21:38:08Z,eu
182643,2020-04-10T21:58:08Z,eu
182332,2020-04-10T22:18:08Z,eu
182027,2020-04-10T22:38:08Z,eu
181785,2020-04-10T22:58:08Z,eu
181737,2020-04-10T23:18:08Z,eu
181938,2020-04-10T23:38:08Z,eu
182156,2020-04-10T23:58:08Z,eu
182398,2020-04-11T00:18:08Z,eu
182399,2020-04-11T00:38:08Z,eu
182387,2020-04-11T00:58:08Z,eu
182259,2020-04-11T01:18:08Z,eu
182186,2020-04-11T01:38:08Z,eu
182121,2020-04-11T01:58:08Z,eu
182039,2020-04-11T02:18:08Z,eu
181965,2020-04-11T02:38:08Z,eu
181998,2020-04-11T02:58:08Z,eu
182036,2020-04-11T03:18:08Z,eu
182046,2020-04-11T03:38:08Z,eu
181964,2020-04-11T03:58:08Z,eu
181927,2020-04-11T04:18:08Z,eu
182050,2020-04-11T04:38:08Z,eu
182182,2020-04-11T04:58:08Z,eu
182284,2020-04-11T05:18:08Z,eu
182269,2020-04-11T05:38:08Z,eu
182300,2020-04-11T05:58:08Z,eu
182240,2020-04-11T06:18:08Z,eu
182145,2020-04-11T06:38:08Z,eu
182203,2020-04-11T06:58:08Z,eu
182321,2020-04-11T07:18:08Z,eu
182608,2020-04-11T07:38:08Z,eu
182730,2020-04-11T07:58:08Z,eu
182837,2020-04-11T08:18:08Z,eu
182740,2020-04-11T08:38:08Z,eu
182500,2020-04-11T08:58:08Z,eu
182404,2020-04-11T09:18:08Z,eu
182142,2020-04-11T09:38:08Z,eu
181898,2020-04-11T09:58:08Z,eu
181311,2020-04-11T10:18:08Z,eu
181070,2020-04-11T10:38:08Z,eu
180926,2020-04-11T10:58:08Z,eu
181046,2020-04-11T11:18:08Z,eu
181024,2020-04-11T11:38:08Z,eu
180855,2020-04-11T11:58:08Z,eu
180769,2020-04-11T12:18:08Z,eu
181003,2020-04-11T12:38:08Z,eu
181545,2020-04-11T12:58:08Z,eu
182509,2020-04-11T13:18:08Z,eu
183349,2020-04-11T13:38:08Z,eu
183869,2020-04-11T13:58:08Z,eu
184114,2020-04-11T14:18:08Z,eu
183888,2020-04-11T14:38:08Z,eu
183517,2020-04-11T14:58:08Z,eu
183530,2020-04-11T15:18:08Z,eu
183452,2020-04-11T15:38:08Z,eu
183285,2020-04-11T15:58:08Z,eu
182766,2020-04-11T16:18:08Z,eu
182254,2020-04-11T16:38:08Z,eu
181365,2020-04-11T16:58:08Z,eu
180807,2020-04-11T17:18:08Z,eu
180560,2020-04-11T17:38:08Z,eu
180724,2020-04-11T17:58:08Z,eu
181256,2020-04-11T18:18:08Z,eu
181730,2020-04-11T18:38:08Z,eu
182084,2020-04-11T18:58:08Z,eu
182184,2020-04-11T19:18:08Z,eu
182367,2020-04-11T19:38:08Z,eu
181994,2020-04-11T19:58:08Z,eu
181631,2020-04-11T20:18:08Z,eu
181756,2020-04-11T20:38:08Z,eu
182477,2020-04-11T20:58:08Z,eu
182735,2020-04-11T21:18:08Z,eu
183080,2020-04-11T21:38:08Z,eu
183455,2020-04-11T21:58:08Z,eu
183808,2020-04-11T22:18:08Z,eu
183786,2020-04-11T22:38:08Z,eu
183674,2020-04-11T22:58:08Z,eu
183579,2020-04-11T23:18:08Z,eu
183557,2020-04-11T23:38:08Z,eu
183551,2020-04-11T23:58:08Z,eu
183742,2020-04-12T00:18:08Z,eu
183987,2020-04-12T00:38:08Z,eu
184450,2020-04-12T00:58:08Z,eu
184664,2020-04-12T01:18:08Z,eu
184904,2020-04-12T01:38:08Z,eu
185091,2020-04-12T01:58:08Z,eu
185281,2020-04-12T02:18:08Z,eu
185599,2020-04-12T02:38:08Z,eu
185936,2020-04-12T02:58:08Z,eu
186437,2020-04-12T03:18:08Z,eu
186825,2020-04-12T03:38:08Z,eu
187191,2020-04-12T03:58:08Z,eu
187548,2020-04-12T04:18:08Z,eu
187859,2020-04-12T04:38:08Z,eu
188165,2020-04-12T04:58:08Z,eu
188503,2020-04-12T05:18:08Z,eu
188824,2020-04-12T05:38:08Z,eu
189199,2020-04-12T05:58:08Z,eu
189454,2020-04-12T06:18:08Z,eu
189220,2020-04-12T06:38:08Z,eu
188946,2020-04-12T06:58:08Z,eu
188277,2020-04-12T07:18:08Z,eu
187995,2020-04-12T07:38:08Z,eu
187593,2020-04-12T07:58:08Z,eu
187102,2020-04-12T08:18:08Z,eu
186596,2020-04-12T08:38:08Z,eu
185935,2020-04-12T08:58:08Z,eu
185327,2020-04-12T09:18:08Z,eu
184818,2020-04-12T09:38:08Z,eu
184240,2020-04-12T09:58:08Z,eu
183643,2020-04-12T10:18:08Z,eu
182995,2020-04-12T10:38:08Z,eu
182288,2020-04-12T10:58:08Z,eu
181575,2020-04-12T11:18:08Z,eu
181196,2020-04-12T11:38:08Z,eu
180963,2020-04-12T11:58:08Z,eu
181135,2020-04-12T12:18:08Z,eu
181824,2020-04-12T12:38:08Z,eu
182843,2020-04-12T12:58:08Z,eu
183448,2020-04-12T13:18:08Z,eu
183432,2020-04-12T13:38:08Z,eu
183067,2020-04-12T13:58:08Z,eu
183001,2020-04-12T14:18:08Z,eu
183505,2020-04-12T14:38:08Z,eu
184109,2020-04-12T14:58:08Z,eu
184740,2020-04-12T15:18:08Z,eu
185227,2020-04-12T15:38:08Z,eu
185484,2020-04-12T15:58:08Z,eu
185640,2020-04-12T16:18:08Z,eu
185589,2020-04-12T16:38:08Z,eu
184770,2020-04-12T16:58:08Z,eu
183955,2020-04-12T17:18:08Z,eu
183220,2020-04-12T17:38:08Z,eu
182209,2020-04-12T17:58:08Z,eu
181704,2020-04-12T18:18:08Z,eu
181596,2020-04-12T18:38:08Z,eu
182248,2020-04-12T18:58:08Z,eu
183269,2020-04-12T19:18:08Z,eu
184389,2020-04-12T19:38:08Z,eu
185529,2020-04-12T19:58:08Z,eu
186191,2020-04-12T20:18:08Z,eu
186697,2020-04-12T20:38:08Z,eu
187360,2020-04-12T20:58:08Z,eu
188171,2020-04-12T21:18:08Z,eu
188183,2020-04-12T21:38:08Z,eu
188292,2020-04-12T21:58:08Z,eu
188311,2020-04-12T22:18:08Z,eu
188076,2020-04-12T22:38:08Z,eu
187185,2020-04-12T22:58:08Z,eu
186215,2020-04-12T23:18:08Z,eu
185458,2020-04-12T23:38:08Z,eu
184672,2020-04-12T23:58:08Z,eu
183911,2020-04-13T00:18:08Z,eu
183293,2020-04-13T00:38:08Z,eu
182818,2020-04-13T00:58:08Z,eu
182396,2020-04-13T01:18:08Z,eu
182035,2020-04-13T01:38:08Z,eu
181768,2020-04-13T01:58:08Z,eu
181883,2020-04-13T02:18:08Z,eu
182087,2020-04-13T02:38:08Z,eu
182383,2020-04-13T02:58:08Z,eu
182709,2020-04-13T03:18:08Z,eu
183351,2020-04-13T03:38:08Z,eu
183642,2020-04-13T03:58:08Z,eu
184022,2020-04-13T04:18:08Z,eu
184552,2020-04-13T04:38:08Z,eu
185119,2020-04-13T04:58:08Z,eu
185925,2020-04-13T05:18:08Z,eu
186442,2020-04-13T05:38:08Z,eu
186912,2020-04-13T05:58:08Z,eu
187416,2020-04-13T06:18:08Z,eu
187889,2020-04-13T06:38:08Z,eu
188331,2020-04-13T06:58:08Z,eu
188610,2020-04-13T07:18:08Z,eu
188803,2020-04-13T07:38:08Z,eu
188888,2020-04-13T07:58:08Z,eu
188716,2020-04-13T08:18:08Z,eu
188383,2020-04-13T08:38:08Z,eu
187710,2020-04-13T08:58:08Z,eu
186874,2020-04-13T09:18:08Z,eu
185936,2020-04-13T09:38:08Z,eu
184906,2020-04-13T09:58:08Z,eu
184305,2020-04-13T10:18:08Z,eu
